ph,turbidity,temperature,clase
6.36,2.77,13.87,0
6.57,10.52,24.56,0
7.03,23.57,40.53,2
6.34,8.69,29.51,1
7.21,5.29,25.57,0
6.98,0.1,20.18,0
4.41,15.82,35.53,2
6.57,4.88,25.96,0
7.54,2.58,26.83,0
6.41,4.91,24.59,0
6.66,1.8,25.16,0
5.84,17.65,35.67,2
7.56,3.77,30.09,0
5.91,2.7,26.39,0
6.57,18.05,30.8,1
6.61,3.33,24.05,0
6.01,6.08,26.23,0
8.76,4.18,24.88,1
8.19,1.67,23.19,0
5.22,15.01,27.71,1
5.47,12.45,37.25,1
7.01,2.91,23.32,1
6.47,3.6,24.91,1
8.05,2.42,27.46,0
7.26,6.45,29.1,1
7.4,6.2,27.79,0
7.62,7.36,35.41,1
7.8,7.19,23.43,0
3.52,24.53,29.93,2
8.45,2.73,22.82,0
5.97,4.04,30.62,0
6.41,2.48,29.8,1
7.38,2.53,24.01,0
4.88,19.05,17.65,2
5.89,46.49,36.5,2
7.49,2.18,17.53,0
6.2,17.51,36.81,2
6.92,2.7,29.87,1
6.13,5.07,27.69,0
4.22,6.97,43.57,2
6.2,18.95,26.06,1
6.9,18.06,31.77,2
6.3,0.98,27.1,0
7.34,3.88,18.7,0
7.01,11.12,24.85,1
4.14,14.21,28.79,1
8.24,2.66,20.03,0
5.51,19.2,29.73,2
6.19,2.34,28.61,0
7.63,15.14,22.53,1
7.5,9.6,20.85,1
3.98,27.63,35.5,2
6.95,4.66,27.49,0
5.88,7.96,28.08,1
6.25,16.05,26.38,2
6.45,8.78,26.29,0
7.63,27.68,27.86,2
6.82,5.74,24.73,0
6.15,5.07,19.9,0
7.51,6.73,23.54,0
6.63,9.96,29.4,1
5.64,23.43,38.58,2
7.98,4.67,25.18,1
3.13,36.1,34.06,2
6.27,23.98,29.62,1
6.51,3.38,27.09,0
7.33,6.82,19.61,0
7.58,11.72,28.74,1
7.0,2.73,24.88,0
6.96,5.81,26.52,0
4.8,34.89,38.27,2
7.4,4.06,31.1,1
6.89,0.1,22.44,0
6.83,11.2,27.73,1
6.57,2.03,22.53,0
7.26,7.58,27.47,0
7.3,5.84,28.17,1
7.13,7.28,26.39,1
4.84,24.86,30.1,2
7.36,0.34,24.62,0
6.05,3.57,27.16,0
7.1,12.39,27.34,1
7.44,7.81,25.13,1
5.62,19.6,27.39,2
7.77,15.45,32.87,1
5.93,36.66,42.1,2
7.16,7.0,27.26,1
6.9,0.1,26.12,1
7.14,5.6,23.61,0
7.34,8.49,30.14,1
5.07,23.03,44.4,2
6.48,11.96,24.54,1
7.47,4.12,27.61,2
6.84,14.71,30.41,2
7.27,8.47,26.37,1
6.78,15.51,24.57,1
3.93,31.89,34.54,2
6.23,7.77,26.79,1
6.36,6.74,26.93,0
6.3,2.61,14.02,0
6.16,5.97,26.88,1
5.67,0.1,23.08,0
5.95,19.03,22.64,1
7.24,6.22,23.62,0
6.41,6.89,25.56,0
6.53,11.32,33.41,2
4.71,33.56,22.73,2
7.28,0.1,22.98,0
6.66,9.98,25.75,1
7.99,3.16,25.19,1
7.64,1.19,27.22,0
7.35,3.77,21.63,0
7.12,3.8,34.85,1
6.69,4.96,22.65,0
7.37,24.33,29.53,2
6.95,1.02,20.34,0
5.41,0.1,33.82,2
7.56,7.66,29.27,0
7.69,0.1,21.6,0
5.53,4.83,25.68,1
5.17,8.83,30.07,2
6.61,9.51,26.05,0
7.9,4.95,30.17,0
5.61,30.5,27.78,2
6.58,7.15,32.3,1
4.89,31.19,39.16,2
7.2,5.24,31.15,0
6.67,8.02,26.1,2
7.48,2.92,25.01,0
5.14,19.81,32.45,2
6.0,24.85,36.82,2
5.89,7.95,26.85,1
5.91,25.03,35.41,2
8.55,10.75,25.87,1
7.67,4.59,21.63,0
7.21,4.76,24.24,0
6.99,24.54,29.27,2
8.19,23.29,33.23,2
6.9,10.62,28.45,1
7.96,5.51,22.72,0
7.6,10.95,25.27,1
6.0,17.49,34.94,2
4.2,17.6,30.91,1
7.12,0.1,35.36,2
7.24,13.8,27.74,1
3.77,22.02,31.15,2
6.03,1.82,24.22,0
7.79,6.48,31.39,1
7.58,3.53,23.59,0
6.95,5.52,21.35,0
6.83,1.43,21.69,0
6.7,7.14,29.73,0
7.11,5.44,24.81,0
6.95,15.85,25.63,1
8.13,11.04,23.76,1
7.58,13.82,27.69,1
6.92,8.18,25.78,1
8.16,8.94,30.48,2
7.55,8.28,25.19,0
6.38,12.57,25.0,2
6.91,2.35,25.09,0
6.55,6.87,28.45,1
7.06,3.09,23.38,0
6.91,1.96,27.59,0
6.66,13.04,24.96,1
7.61,8.94,19.09,0
7.16,4.62,23.89,0
6.81,4.32,22.53,0
7.4,8.85,26.43,0
6.86,27.46,33.04,2
7.21,4.74,32.98,0
3.56,15.93,36.14,2
6.86,3.38,25.58,0
6.21,7.39,26.69,1
6.09,10.58,32.26,1
7.06,4.41,26.67,1
6.76,2.09,23.69,0
6.98,5.56,25.94,0
6.39,6.79,25.26,0
7.0,3.28,23.98,0
6.03,16.55,22.13,2
5.49,2.56,22.52,0
7.08,3.65,21.9,0
5.48,16.81,40.01,2
8.31,27.65,38.54,2
5.28,18.27,35.1,2
7.13,5.89,25.7,0
6.4,9.81,35.37,1
7.15,0.1,26.16,0
6.27,15.1,38.28,1
8.31,4.11,28.32,1
4.89,22.51,39.26,2
6.99,5.5,22.37,0
4.38,14.69,31.97,2
6.94,3.09,22.31,0
6.74,4.31,25.15,0
6.89,8.61,33.53,1
6.17,2.71,19.64,0
8.06,35.68,38.84,2
6.18,11.56,34.78,2
4.18,18.06,27.29,2
7.14,4.41,20.86,0
6.64,5.53,30.82,2
6.74,13.71,37.08,1
7.35,0.1,18.91,0
6.76,15.72,22.64,1
7.04,10.55,29.06,1
7.64,5.74,26.8,2
6.93,1.55,18.53,0
7.93,3.39,22.16,0
7.59,4.16,29.91,1
5.31,7.58,31.53,1
7.34,2.36,23.34,0
7.45,6.55,28.7,0
7.2,10.31,23.89,0
7.79,5.8,29.55,1
6.9,2.75,19.41,0
7.61,10.56,32.01,1
6.4,22.11,28.41,1
6.91,5.77,25.05,1
6.76,6.82,23.97,0
7.44,8.82,27.57,1
5.75,22.52,28.59,2
6.92,1.51,26.22,0
7.29,7.01,23.1,1
6.88,8.17,26.79,0
7.11,6.34,26.5,0
7.93,3.19,22.04,0
7.75,6.92,28.97,0
6.7,6.02,26.57,0
6.02,2.18,31.91,2
6.94,0.98,27.47,0
6.71,14.57,27.77,2
6.62,9.8,32.8,1
4.56,4.21,25.4,2
6.47,7.21,29.03,1
7.04,3.21,26.31,0
6.87,13.0,27.12,0
6.35,0.1,25.35,0
6.25,8.29,30.4,1
4.88,40.85,32.25,2
5.76,31.61,38.5,2
9.4,11.91,28.4,2
7.65,2.93,23.19,0
5.16,31.21,35.39,2
6.99,5.86,21.52,1
7.47,0.78,26.62,0
6.61,2.28,23.52,0
7.07,18.42,29.0,1
6.46,6.41,23.23,0
3.09,32.75,27.83,2
7.24,13.45,30.91,1
7.47,4.81,22.39,0
7.14,2.12,20.47,0
6.98,19.49,27.98,1
6.14,13.1,37.28,1
6.14,4.87,29.88,0
5.23,10.61,24.38,2
7.33,6.18,25.47,0
7.09,9.54,27.7,1
6.46,11.36,30.89,1
7.22,7.19,25.82,0
7.53,2.05,24.94,0
7.29,2.81,23.46,0
7.67,5.36,19.57,0
6.62,30.0,38.88,2
6.67,8.47,22.29,0
5.17,41.82,31.21,2
4.11,9.61,26.27,1
6.87,2.29,23.61,0
6.86,2.18,16.56,1
5.29,7.11,31.48,1
5.9,34.83,29.81,2
5.8,26.28,31.94,2
6.6,3.56,25.61,0
6.64,5.54,26.25,0
6.82,25.91,28.56,2
6.84,7.27,30.86,0
7.39,2.1,26.66,0
6.54,0.43,25.03,1
6.82,1.95,27.05,0
6.37,3.11,23.43,0
5.46,6.55,29.22,1
5.3,30.22,33.11,2
5.47,31.85,32.37,2
5.21,13.56,28.47,2
5.95,23.04,28.64,2
7.4,10.78,29.39,1
4.89,19.7,39.32,2
7.53,17.76,27.28,1
6.38,18.48,28.26,1
9.04,24.93,33.02,2
7.03,3.47,23.85,0
6.55,5.55,21.54,0
6.4,6.15,29.24,1
6.92,2.67,29.83,0
6.57,3.89,31.13,1
7.52,0.45,25.31,0
6.76,2.42,28.91,0
7.94,11.32,27.35,1
6.42,1.89,22.06,0
3.42,13.71,29.15,2
7.22,1.6,29.24,0
7.47,4.65,27.54,0
6.11,5.92,31.17,1
7.55,8.57,26.75,0
3.91,10.49,34.71,2
6.96,0.1,23.67,0
5.34,9.0,31.3,1
6.1,14.57,37.23,2
6.01,6.56,24.28,0
6.25,9.71,29.82,2
6.39,7.47,38.25,2
6.58,2.8,24.53,0
7.12,4.8,21.53,0
7.26,0.1,20.89,1
6.92,10.7,28.63,1
6.27,6.73,27.33,1
7.39,4.34,20.17,0
7.41,4.32,27.78,1
7.24,9.95,25.64,1
6.96,9.9,27.58,0
6.53,21.83,27.86,1
7.33,12.82,27.5,2
7.25,4.82,17.78,1
6.82,12.29,28.83,1
5.64,4.35,21.0,0
7.83,14.66,33.24,2
8.02,5.93,23.44,1
6.76,0.71,23.04,0
8.21,0.94,25.57,0
7.47,7.1,30.45,0
6.98,6.55,25.4,0
5.85,4.65,29.43,1
6.92,13.02,26.65,1
7.8,1.65,25.24,0
6.65,9.84,26.08,1
7.42,11.77,28.74,1
6.65,7.83,26.43,1
6.1,13.29,31.92,1
8.06,1.98,21.57,0
4.27,24.88,37.59,2
6.38,5.18,27.62,0
6.37,3.4,22.42,1
7.47,34.09,35.84,2
7.16,5.57,26.86,0
7.62,8.53,29.54,1
7.38,5.33,30.92,1
7.72,11.42,28.69,1
6.58,5.07,23.14,0
7.08,0.43,18.33,0
6.96,10.42,33.59,1
5.65,21.56,33.12,2
6.91,6.0,20.82,0
6.75,0.15,20.67,0
3.43,21.15,35.76,2
7.36,12.88,30.29,0
7.62,6.43,24.61,0
6.63,10.99,24.97,1
7.32,6.75,28.04,1
6.11,4.39,18.85,1
6.66,3.65,32.93,1
5.47,22.17,29.84,1
7.74,10.95,29.42,1
6.25,9.17,34.86,2
6.98,2.94,18.8,0
7.03,5.74,27.95,1
4.89,4.48,35.75,2
4.75,21.26,36.4,2
5.57,13.54,21.5,1
6.88,11.29,28.61,1
5.98,9.26,23.05,1
7.14,10.0,29.6,1
6.64,4.95,17.8,0
8.48,17.93,32.76,2
5.87,4.33,25.49,1
7.79,13.38,27.23,1
7.99,13.16,26.73,1
6.44,8.16,25.38,1
7.12,4.19,20.35,0
4.46,28.1,33.75,2
6.81,3.81,26.43,0
5.24,21.2,28.95,2
6.5,3.68,22.19,0
7.39,3.93,18.83,0
7.39,3.62,17.97,0
6.19,1.29,31.68,0
7.27,4.89,25.76,0
7.97,4.68,21.02,0
7.61,13.38,30.59,1
3.91,25.85,38.75,2
7.0,8.34,25.81,0
6.08,16.62,30.31,2
7.1,0.1,24.75,0
7.44,18.61,29.91,1
7.65,2.44,24.32,0
6.81,3.61,24.83,0
6.32,7.17,28.42,0
6.99,5.71,27.46,1
5.93,12.87,25.55,1
7.47,4.48,23.95,0
6.81,8.64,22.95,0
7.73,7.86,27.89,1
7.06,0.63,33.79,1
6.69,6.1,30.12,1
6.8,11.8,29.41,1
6.52,0.66,23.2,0
6.25,16.86,24.1,1
6.89,7.17,15.11,0
5.9,4.89,18.47,0
6.76,10.97,25.78,2
7.21,6.76,24.16,0
6.44,12.41,25.97,1
7.03,5.58,19.0,0
6.98,0.1,23.5,0
6.92,0.28,17.91,0
6.73,4.44,23.87,0
5.94,20.16,23.24,1
7.18,5.05,29.17,0
6.88,5.38,26.87,0
7.64,6.13,27.23,1
7.75,5.79,29.34,0
7.13,11.17,26.95,1
6.4,3.39,20.98,0
7.63,14.22,27.13,1
6.87,5.13,27.51,0
7.51,10.2,24.64,1
7.67,3.11,30.49,1
7.66,2.86,24.85,0
3.64,15.77,36.26,2
7.59,8.17,28.8,1
7.06,9.44,28.07,1
7.79,11.14,26.2,0
7.16,1.32,27.61,0
7.45,5.09,26.51,0
4.18,24.43,43.09,2
5.72,29.97,43.68,2
7.64,8.2,23.28,0
6.89,4.8,25.5,0
6.38,11.21,27.63,0
6.55,11.0,28.53,1
7.27,7.84,34.71,1
6.67,1.76,25.83,0
7.06,4.44,26.34,1
7.08,0.1,20.54,0
7.36,2.48,26.0,0
7.29,12.31,20.15,1
7.48,4.75,13.07,0
5.68,21.78,28.21,2
8.54,8.74,29.81,1
5.55,39.34,25.86,2
6.58,10.72,24.12,1
7.25,3.15,18.3,0
6.77,9.47,26.44,1
8.2,11.56,21.95,1
5.92,20.34,30.82,2
7.44,12.54,30.52,2
6.03,14.96,29.76,2
6.48,6.35,27.23,0
7.51,0.66,35.35,1
3.94,27.84,32.54,2
6.98,4.76,18.25,0
7.89,6.41,20.13,0
6.88,0.58,19.17,0
5.33,14.8,33.48,2
6.2,7.96,28.8,2
6.02,13.32,33.27,1
5.24,9.35,39.42,1
7.85,22.37,33.34,1
6.5,42.03,38.86,2
6.56,7.68,26.69,2
4.43,25.1,41.28,2
7.76,3.35,25.88,0
7.1,9.78,19.0,1
6.62,12.48,22.83,1
4.28,27.31,34.67,2
6.77,11.05,27.01,0
7.19,4.2,22.04,0
6.16,8.69,23.22,1
7.95,36.26,34.26,2
7.7,7.78,30.74,1
6.5,0.9,20.75,0
3.91,0.1,45.0,2
6.81,2.63,21.33,0
6.28,5.04,25.85,1
5.95,6.47,28.95,0
5.75,13.55,28.54,2
7.95,7.32,27.22,0
6.14,23.4,36.13,2
5.66,6.33,26.45,1
4.91,25.18,32.93,2
6.44,0.1,22.82,0
5.43,29.31,20.98,1
5.94,5.43,28.42,0
7.2,5.58,23.85,0
6.19,1.99,27.79,0
7.85,0.1,27.49,1
7.23,11.32,34.27,1
9.01,12.77,35.67,1
6.83,0.2,19.47,0
7.57,15.92,34.26,2
5.8,32.82,32.41,2
7.3,4.57,20.65,0
5.77,20.08,27.05,2
4.54,13.54,38.48,2
7.32,0.1,23.52,0
6.77,4.33,25.71,0
4.72,12.13,40.02,2
7.09,3.74,25.04,0
7.56,18.02,31.16,1
6.29,10.5,28.26,1
6.0,25.36,32.54,2
7.43,0.75,23.8,0
7.41,12.41,25.97,0
7.51,2.69,25.05,0
6.86,11.94,28.99,1
6.64,4.94,21.55,1
5.47,8.87,31.08,2
7.61,5.65,26.87,0
5.04,19.87,25.19,2
4.81,28.01,27.13,2
7.52,14.99,28.97,1
6.69,16.31,34.9,1
6.0,33.03,42.04,2
7.48,6.45,20.41,0
6.38,10.27,24.56,1
6.7,11.89,24.67,1
5.91,13.89,26.62,1
7.79,14.02,28.45,1
5.42,24.96,32.16,2
6.22,0.63,27.75,0
6.92,14.07,29.36,2
7.23,0.1,24.39,0
7.7,12.67,28.97,0
6.83,0.78,26.48,0
3.77,29.44,41.07,2
8.01,5.95,25.86,0
6.44,24.61,33.83,2
6.91,5.23,25.43,0
6.07,19.18,41.91,2
7.38,1.74,22.33,0
4.91,11.6,28.16,1
6.92,11.49,25.44,0
7.16,1.42,23.75,0
6.46,13.15,28.65,2
6.74,13.47,28.26,1
7.57,3.68,27.02,1
6.45,9.37,26.65,0
5.87,5.51,26.85,0
7.18,1.49,22.6,0
5.56,11.96,24.64,1
6.16,29.52,31.36,2
7.08,13.02,30.78,2
5.22,16.9,26.69,2
7.58,3.96,18.57,0
7.65,6.07,28.54,2
7.78,8.25,27.0,1
7.7,9.8,22.06,1
7.4,7.67,26.34,0
7.66,3.83,21.57,0
7.57,10.88,30.2,1
7.68,4.03,24.68,0
7.4,8.5,21.48,1
7.35,4.67,28.59,1
7.22,3.76,28.96,0
6.35,20.2,30.35,2
6.59,0.1,21.89,0
6.7,20.44,35.77,2
6.7,0.1,23.41,0
6.56,1.92,24.83,0
7.01,4.23,30.41,1
6.88,11.16,29.34,1
7.99,7.28,20.73,0
5.72,5.4,23.14,0
6.6,5.6,22.24,0
6.38,37.08,25.19,2
6.9,0.86,30.57,0
7.5,0.84,28.32,0
6.98,2.96,24.31,0
7.56,10.73,26.37,1
6.93,12.86,25.14,1
5.33,31.49,33.74,2
6.91,2.87,22.53,0
6.94,4.94,21.17,0
6.74,14.51,24.61,1
5.31,17.0,29.35,2
6.54,29.16,44.48,2
7.76,3.87,18.84,0
6.21,9.44,27.01,0
6.68,15.13,24.93,1
5.93,9.16,27.31,2
6.31,0.1,21.88,1
6.72,8.28,28.45,0
7.49,3.48,21.26,0
7.2,3.89,23.1,0
5.51,9.79,28.39,1
7.37,3.88,22.43,0
6.28,18.65,28.65,1
8.6,2.97,22.88,0
6.35,11.11,26.15,1
4.91,12.47,29.32,2
4.63,0.18,34.13,2
7.51,9.19,33.11,1
5.57,10.14,33.57,1
7.17,2.67,26.51,0
7.1,6.42,31.69,1
7.11,6.11,22.69,0
6.94,4.68,26.76,1
7.15,18.83,29.0,1
6.97,15.23,23.44,1
5.06,40.46,35.44,2
6.01,23.42,23.27,2
7.58,3.97,21.31,0
6.38,13.44,28.38,0
7.37,3.62,29.14,0
6.63,26.77,37.26,2
6.06,4.31,26.98,0
6.98,7.33,27.04,1
6.2,6.56,27.15,1
6.92,17.72,33.48,1
5.98,8.98,27.65,1
8.25,5.62,30.07,0
7.35,20.05,34.18,2
7.09,15.08,31.0,1
4.8,1.31,34.37,2
9.15,3.9,28.41,1
7.28,13.14,30.58,0
6.6,2.1,20.97,0
6.11,15.3,26.24,1
7.19,0.1,24.42,0
7.71,4.11,18.69,0
7.91,4.13,23.84,0
8.07,6.25,25.38,0
7.77,3.59,21.03,0
7.73,2.71,21.94,0
7.2,10.84,27.81,1
6.33,6.89,25.76,0
7.05,10.66,29.31,1
7.29,6.05,29.71,0
6.03,5.41,25.75,0
7.98,7.33,18.17,0
5.49,11.28,35.84,1
7.89,0.54,18.6,0
7.41,0.1,22.55,0
6.99,6.85,30.47,1
6.22,9.5,27.92,0
7.77,4.55,26.26,0
7.71,4.09,22.29,0
6.79,5.33,22.91,0
5.42,25.41,33.95,2
6.83,11.76,29.46,1
7.56,0.7,26.74,0
6.12,10.08,24.97,1
7.26,1.87,27.64,1
3.4,18.27,33.73,2
8.45,24.21,25.34,2
6.97,4.76,23.97,0
6.95,3.83,23.37,0
7.37,7.7,29.04,0
7.66,19.55,32.71,1
7.12,7.46,20.5,0
6.07,6.36,27.8,1
4.72,38.39,34.9,2
6.91,4.77,26.15,0
8.69,1.41,29.4,1
7.4,6.24,28.54,0
7.43,4.64,19.65,0
6.25,9.99,20.89,0
6.83,8.24,23.73,1
7.06,2.68,29.07,0
6.8,16.99,30.36,1
7.14,6.22,29.35,1
6.71,3.84,21.07,0
6.44,16.43,32.38,2
6.39,1.57,22.37,0
7.08,5.45,32.97,1
6.84,13.23,30.79,2
5.66,15.5,33.58,2
5.4,12.22,23.2,2
6.47,13.07,29.94,2
4.3,32.92,37.85,2
7.19,31.8,36.39,2
7.37,3.23,20.58,0
6.9,12.85,29.84,1
6.96,18.73,30.77,1
7.11,8.45,32.65,1
7.34,2.53,25.56,1
6.69,4.66,26.94,0
6.6,0.1,20.85,0
7.66,5.05,26.01,0
7.45,16.0,33.78,1
6.42,16.52,23.04,2
5.78,22.01,40.39,2
7.73,14.65,28.18,1
8.01,3.86,23.25,0
7.21,5.14,21.5,1
6.29,14.64,23.01,1
7.43,35.78,35.42,2
6.72,8.73,25.72,0
6.73,17.32,28.06,1
7.12,4.72,30.04,0
7.99,22.52,28.64,1
5.27,13.91,35.24,2
6.54,13.76,27.09,1
7.14,0.1,21.32,0
6.23,3.04,25.17,1
6.75,4.08,23.92,1
7.29,2.26,24.35,0
6.31,3.59,21.73,0
7.18,1.9,16.01,0
4.99,20.93,38.13,2
7.38,1.88,29.64,0
7.12,1.14,22.79,0
7.41,2.54,27.52,1
6.82,1.16,18.82,0
7.04,5.66,31.63,1
7.31,13.12,28.85,1
7.03,13.78,22.35,1
7.43,7.13,28.03,1
6.84,6.46,21.77,1
6.12,20.78,25.87,2
7.04,3.14,22.95,0
6.92,4.33,27.05,0
6.76,3.46,28.53,0
7.1,4.03,26.46,0
7.41,0.77,28.45,0
5.66,8.72,21.98,1
7.35,0.1,22.08,0
5.2,31.5,41.25,2
6.72,5.74,22.9,0
7.13,5.04,31.23,0
6.16,3.5,28.47,0
5.36,32.08,28.06,2
6.56,6.11,29.97,0
6.42,10.71,30.4,0
6.95,10.15,24.48,1
6.13,6.6,24.05,0
7.91,4.8,28.35,1
4.79,16.59,40.7,2
6.22,11.95,26.03,1
4.5,36.66,36.61,2
6.95,2.15,23.68,0
6.41,27.51,27.61,2
6.81,2.75,27.93,0
5.25,7.22,24.73,1
7.29,8.76,30.7,0
7.33,0.1,24.51,0
7.25,1.63,23.59,0
8.39,8.85,24.62,1
7.35,0.8,17.33,0
7.3,4.84,20.79,0
6.83,6.69,26.76,0
8.52,10.95,21.4,1
7.58,7.1,22.27,0
7.4,1.54,23.36,0
6.37,4.63,34.01,1
3.45,17.94,24.0,2
6.76,39.55,37.89,2
5.5,7.97,22.43,1
6.4,9.71,23.77,1
7.34,5.97,23.58,0
7.12,5.98,21.32,0
7.24,8.44,31.64,1
6.67,11.25,28.86,0
7.1,3.76,25.22,0
6.96,3.27,24.18,1
7.91,0.58,23.57,0
4.78,26.67,33.2,2
6.31,27.5,37.01,2
5.06,25.12,33.28,2
7.75,4.85,31.46,2
6.04,4.36,27.8,0
6.75,5.95,25.3,0
7.54,10.85,23.59,1
6.81,4.25,27.51,0
6.17,0.25,22.4,0
6.52,24.71,38.11,2
6.65,4.32,28.47,1
6.53,0.1,28.29,0
6.84,3.75,31.42,0
6.54,6.42,21.97,0
6.99,3.54,24.15,0
6.8,4.68,25.82,1
6.95,8.44,33.13,1
8.03,31.54,21.56,2
6.56,4.91,29.87,0
5.45,7.6,27.6,1
7.25,10.16,31.85,1
6.82,9.17,34.83,1
7.27,22.18,32.72,1
8.28,1.12,20.98,0
5.39,26.89,21.95,2
6.25,29.04,35.16,2
6.7,7.42,25.67,2
7.3,1.29,20.36,0
8.04,2.35,20.7,0
8.27,0.52,36.08,1
7.88,12.45,25.32,1
6.98,2.05,26.45,0
6.71,13.33,31.28,2
7.6,10.58,25.09,1
6.59,11.82,25.67,1
7.49,4.18,21.98,0
6.52,3.54,27.08,1
7.11,1.73,19.25,0
7.29,11.3,27.85,1
6.78,2.89,24.6,0
6.41,12.39,26.14,0
7.45,1.13,28.01,0
7.72,5.14,21.74,0
6.62,0.1,29.75,1
7.23,4.76,23.83,0
7.54,0.65,20.87,0
7.59,0.1,24.4,0
5.84,13.41,27.81,1
7.33,2.45,22.14,0
8.09,5.05,27.01,0
6.44,11.31,23.49,1
7.12,4.39,25.65,0
7.76,4.53,22.43,0
5.59,12.85,22.96,2
5.77,24.11,36.93,2
6.45,1.12,16.63,0
6.02,7.32,26.41,0
7.17,8.45,28.53,1
7.22,6.18,27.16,1
6.21,6.56,27.24,1
6.98,5.67,27.49,0
3.83,25.81,42.62,2
7.14,6.71,30.65,1
5.51,21.25,33.07,2
6.92,2.44,24.76,0
6.75,5.09,21.7,0
6.34,8.91,32.08,1
8.55,2.6,23.11,0
6.28,17.43,27.12,2
4.35,13.99,25.34,1
5.35,7.31,25.2,1
4.04,35.1,33.84,2
4.4,30.44,20.85,2
5.81,10.82,26.78,1
6.65,0.1,32.83,1
6.57,29.14,19.97,2
7.44,6.14,25.81,1
6.67,11.45,26.29,1
7.01,4.66,26.78,0
6.63,3.02,20.28,0
8.0,5.72,24.34,0
6.82,15.73,27.22,1
3.85,25.18,38.24,2
7.34,0.1,25.16,0
7.24,3.76,34.54,2
7.38,0.91,24.73,0
7.3,10.79,19.42,1
7.49,3.77,19.74,0
7.67,0.51,22.28,0
6.36,11.23,25.49,1
6.54,12.71,23.74,1
6.34,4.58,21.54,1
6.2,7.23,24.53,1
7.18,9.58,28.67,0
5.88,19.98,32.01,2
7.14,6.12,26.83,0
4.32,28.79,34.53,2
7.15,13.2,27.8,1
4.17,25.25,37.87,2
6.31,7.17,24.89,0
6.72,29.46,29.64,2
6.94,11.64,37.57,1
5.45,18.75,30.73,2
6.75,14.61,25.57,2
5.29,36.12,40.4,2
5.89,9.12,22.03,1
6.61,2.14,29.01,0
6.38,20.75,26.92,2
5.96,3.31,38.09,1
7.61,29.11,34.01,2
6.29,30.07,42.15,2
6.95,3.46,22.34,0
8.56,3.79,24.34,1
7.04,4.94,23.78,0
7.36,6.7,21.21,0
5.27,20.68,40.65,2
6.57,12.61,23.74,1
7.08,11.06,24.6,1
6.65,4.79,25.76,0
7.3,8.83,29.65,1
6.96,6.76,24.63,1
6.85,2.55,27.94,0
6.43,17.69,20.5,1
7.14,4.36,28.92,0
6.64,7.11,30.53,0
4.03,25.65,35.65,2
6.63,22.2,26.72,2
8.39,12.32,30.1,1
5.4,12.47,28.43,2
3.76,14.88,31.69,2
6.75,13.62,19.38,1
7.08,1.71,25.43,0
8.02,0.1,22.61,0
8.0,2.21,27.28,0
6.65,6.24,29.18,1
6.83,6.74,21.72,0
6.79,9.89,23.65,1
6.89,4.37,31.69,1
5.18,22.67,26.04,2
6.16,2.47,27.06,0
7.65,6.31,28.54,1
4.38,26.69,26.54,2
5.17,24.12,37.88,2
4.18,25.72,36.12,2
7.95,2.08,23.34,0
5.28,32.7,34.75,2
7.91,15.91,31.64,1
7.57,13.76,31.37,2
7.57,5.49,20.52,0
7.09,3.95,24.12,0
5.99,20.84,34.97,2
6.64,4.72,27.76,0
6.72,3.2,21.51,0
6.67,1.06,24.92,0
5.34,38.25,37.88,2
6.74,0.1,19.12,0
7.4,31.95,21.8,1
6.66,7.88,26.24,0
6.62,30.0,36.28,2
6.97,37.8,41.89,2
6.63,5.7,28.88,2
6.95,5.24,27.35,0
6.04,16.07,24.04,1
8.72,13.18,28.21,1
7.03,4.41,24.82,0
6.71,5.3,26.88,0
7.54,12.81,27.95,2
7.06,15.72,25.82,1
5.36,29.35,30.04,2
5.98,13.45,32.06,1
7.06,13.13,30.05,0
7.81,3.54,19.23,0
7.11,8.84,33.61,1
7.0,13.55,29.14,1
7.97,10.77,26.45,1
7.68,4.18,26.12,0
7.31,0.1,21.5,0
6.36,13.97,29.48,0
6.05,8.6,25.56,1
7.46,5.42,23.7,0
7.24,11.15,29.56,2
7.43,2.25,27.6,0
5.74,22.38,23.38,2
6.59,2.35,19.47,0
6.62,9.78,34.62,1
6.7,2.97,24.45,0
6.98,2.58,26.59,0
5.99,29.24,28.66,2
7.33,7.82,25.3,0
7.55,6.06,25.62,0
6.93,15.14,24.14,1
6.87,12.88,26.94,1
6.82,3.2,29.0,0
7.55,16.59,28.14,1
6.64,6.78,27.29,0
7.09,3.58,20.18,0
6.47,4.25,23.5,0
8.4,2.79,19.64,0
7.72,4.6,22.7,0
6.48,10.05,32.86,1
7.5,9.95,24.63,1
7.58,2.05,24.72,0
4.3,31.08,27.77,2
7.46,8.54,30.3,1
6.74,2.68,25.73,0
6.47,8.87,30.64,1
6.37,6.03,22.95,0
6.93,0.9,21.9,0
5.48,17.91,26.48,1
7.09,6.55,27.63,1
7.04,1.66,23.63,0
6.67,6.9,25.46,0
6.99,2.37,18.52,0
5.85,16.2,21.98,1
7.23,0.61,24.05,0
7.7,14.43,26.38,1
6.92,2.18,26.0,1
5.85,29.32,19.02,2
5.58,28.29,39.1,2
7.45,6.78,26.12,0
7.0,6.78,28.94,2
6.98,4.82,22.09,0
7.13,3.92,28.23,0
6.31,3.23,17.47,0
7.69,12.34,31.45,1
7.17,9.32,39.92,2
7.8,4.86,19.36,0
6.22,3.76,30.15,0
5.23,25.45,34.28,2
6.28,6.19,29.17,2
7.54,2.93,16.09,0
5.77,24.54,26.38,2
7.59,7.09,30.94,0
7.01,2.36,25.05,0
6.4,20.21,31.79,2
7.77,5.03,21.45,1
7.35,5.92,23.49,0
7.65,4.19,23.81,0
5.83,26.76,33.59,2
7.19,8.48,25.62,0
6.52,7.57,32.76,1
5.3,30.15,29.1,2
7.02,9.71,32.62,1
7.28,1.14,19.5,0
5.74,15.56,32.18,2
7.37,3.18,21.7,1
6.38,10.56,31.99,1
7.35,2.26,21.37,0
6.48,7.55,27.05,0
6.78,4.49,31.24,0
6.62,3.06,29.99,1
6.87,0.1,20.9,0
7.43,8.52,29.01,1
7.09,6.14,21.96,1
5.49,11.07,31.04,2
7.46,12.96,27.73,2
6.17,8.21,23.01,0
8.55,18.54,34.28,1
6.67,16.96,25.75,1
7.33,0.28,24.92,0
7.12,0.38,22.7,0
6.86,3.87,24.77,0
5.89,18.2,36.49,2
8.33,4.08,27.76,0
6.59,20.94,32.14,2
6.97,2.65,30.66,0
5.65,14.65,37.9,2
6.61,5.29,33.84,0
7.78,2.89,23.55,0
6.01,25.7,41.34,2
7.32,5.3,23.35,1
6.26,13.76,24.93,1
6.04,24.18,35.53,2
7.2,13.84,28.03,0
7.55,3.14,18.64,0
5.52,12.98,29.72,1
5.96,10.57,39.32,1
6.01,11.57,32.39,1
7.42,0.77,26.37,0
7.65,5.21,25.88,0
4.53,30.08,29.47,2
7.35,10.54,30.98,1
7.65,11.75,22.8,1
6.51,6.16,18.72,0
6.9,1.14,26.31,0
7.05,0.1,26.01,0
6.93,10.08,22.53,1
7.61,4.22,21.65,0
7.88,0.14,19.35,0
6.77,6.47,21.49,0
4.48,28.69,29.67,2
6.36,4.86,21.77,0
6.06,11.69,36.62,1
7.72,7.68,28.69,0
6.98,3.5,27.53,0
4.78,16.19,33.46,2
7.11,6.79,21.88,0
7.31,15.22,30.44,1
7.99,6.72,34.52,1
5.98,6.18,29.32,0
6.34,1.89,29.51,0
6.32,15.97,25.29,1
7.44,15.11,35.89,1
7.45,6.69,26.01,0
7.4,2.33,22.81,0
5.51,18.57,20.82,1
5.79,16.83,27.16,1
7.15,7.99,27.35,1
6.8,17.91,27.52,2
7.3,11.05,24.85,2
6.8,6.26,28.76,0
6.62,0.1,20.37,0
6.9,1.36,17.46,0
5.99,32.98,41.3,2
7.09,6.35,27.54,0
8.75,16.48,26.67,1
6.54,5.41,24.9,1
7.82,7.08,29.05,1
8.1,5.73,23.0,0
7.07,0.87,28.7,0
7.91,21.46,42.13,2
5.65,29.03,34.04,2
6.35,2.42,25.15,0
6.64,7.6,25.3,1
6.54,0.1,17.99,0
7.23,0.1,26.33,1
7.97,3.21,20.01,0
7.05,7.73,30.15,0
5.73,12.25,33.1,2
6.69,0.64,31.79,1
5.14,36.95,37.55,2
5.75,11.45,28.63,1
7.48,2.69,20.93,0
8.19,12.93,27.04,1
6.58,4.73,27.94,1
7.83,3.53,25.89,0
5.83,5.59,27.23,0
6.47,12.4,29.34,1
5.06,9.45,23.82,1
7.0,1.88,14.81,0
4.11,29.24,33.63,2
6.31,5.84,28.13,0
4.55,27.69,36.57,2
6.54,17.4,31.84,2
6.71,7.89,26.97,1
7.88,15.73,37.49,2
5.89,5.07,23.01,0
6.56,0.74,23.07,0
6.01,5.83,23.8,0
7.45,4.2,30.15,2
7.31,4.32,20.67,0
7.28,23.29,38.45,2
5.15,18.98,26.71,1
5.7,25.8,27.23,2
7.99,5.28,26.98,0
5.98,36.81,21.54,2
6.47,4.32,24.6,0
6.38,7.83,31.73,2
5.1,27.85,34.06,2
7.91,12.38,25.15,1
8.03,0.47,25.68,0
8.45,5.3,22.0,0
7.53,6.88,21.87,0
7.38,2.66,25.14,0
6.67,0.1,18.69,0
6.67,6.05,28.24,0
6.4,5.08,23.97,0
7.29,7.82,32.41,1
7.47,7.31,23.22,0
6.71,11.34,25.82,2
6.71,6.57,25.59,0
6.85,24.01,28.26,1
6.18,6.4,26.14,0
7.67,7.45,26.17,0
8.1,26.86,35.39,2
7.07,3.55,23.18,0
6.69,4.27,23.83,0
7.27,12.95,26.17,1
7.6,7.12,31.44,1
7.69,1.02,25.27,0
5.74,13.02,20.12,1
7.47,0.73,23.42,0
6.86,6.72,21.92,0
6.57,15.8,31.22,1
5.4,20.58,24.99,2
8.53,14.12,33.34,2
6.46,7.96,30.29,2
5.63,9.01,26.49,1
7.38,8.73,24.93,1
9.19,13.85,31.48,1
4.71,0.1,28.77,1
7.03,1.23,23.25,0
7.24,5.35,36.18,1
7.17,12.21,33.55,1
7.29,5.0,24.11,0
6.45,4.67,26.01,1
5.42,2.55,23.12,0
6.35,2.1,24.49,0
7.04,3.79,22.93,0
6.22,5.57,27.27,1
6.34,3.72,27.97,0
6.53,2.75,26.76,0
7.5,10.58,25.82,1
5.77,24.73,26.23,2
7.4,14.15,21.27,1
5.87,17.41,30.02,2
7.77,0.1,23.83,0
7.62,7.7,26.9,1
6.22,4.7,18.63,0
7.11,0.1,18.98,0
6.86,1.87,25.36,0
5.75,24.67,43.01,2
8.14,5.69,22.9,0
6.57,10.82,29.95,0
6.56,8.34,25.86,1
5.99,4.37,25.82,1
7.33,29.87,36.74,2
4.64,31.13,34.83,2
5.03,35.02,29.21,2
5.65,14.19,23.1,2
7.09,2.41,24.64,0
7.53,7.2,27.21,0
6.68,5.94,26.78,0
7.58,3.47,26.58,0
6.68,13.52,29.05,2
7.5,22.77,30.3,1
3.0,10.41,33.44,2
6.58,10.0,23.69,1
6.74,6.07,24.36,0
6.57,4.03,20.14,0
3.66,10.59,45.0,2
8.52,3.76,21.78,0
5.22,23.95,38.87,2
6.23,6.68,30.56,1
6.33,14.96,30.78,1
6.29,8.89,18.83,1
7.92,7.38,23.61,1
5.21,36.06,30.54,2
6.55,7.19,33.13,1
7.92,0.1,21.6,0
7.33,0.1,21.03,0
6.62,4.97,28.84,0
6.25,19.69,41.54,2
8.2,27.88,23.25,2
3.0,17.14,38.61,2
5.93,9.69,31.81,1
8.06,0.1,17.86,0
7.33,4.31,22.46,0
7.47,5.83,26.61,0
5.21,12.74,29.4,1
6.6,7.38,27.31,1
4.0,14.87,30.95,2
6.46,3.7,29.5,1
7.45,4.31,38.84,1
8.01,11.78,26.31,1
7.28,3.35,23.25,0
6.06,20.91,30.9,1
6.41,8.82,20.34,0
6.82,6.14,23.71,0
5.06,29.62,37.96,2
7.04,2.8,23.52,0
7.48,12.2,32.68,1
6.93,5.93,27.81,1
5.48,19.04,30.72,2
8.09,4.11,22.65,0
6.36,22.96,28.7,1
6.13,18.8,33.39,2
7.27,10.0,27.6,1
7.43,0.1,22.77,0
6.42,1.45,17.95,1
6.8,11.48,31.21,0
3.84,28.63,34.85,2
6.41,11.27,27.73,1
6.18,2.68,24.84,0
4.94,2.95,23.58,0
6.8,6.07,26.83,0
7.77,0.1,20.86,0
7.37,7.38,25.9,1
5.78,17.63,36.31,2
7.53,3.24,30.55,1
6.93,6.95,29.5,0
6.55,10.3,33.5,1
6.65,2.6,21.57,0
7.3,8.66,31.54,1
6.51,4.33,25.08,0
4.83,27.2,31.11,2
6.83,9.17,28.56,1
8.22,18.22,32.03,1
5.35,0.67,27.89,1
5.36,25.73,41.94,2
4.83,28.88,38.54,2
7.3,30.12,38.1,2
7.26,2.97,24.52,0
7.17,12.4,30.46,1
7.86,9.13,24.46,1
7.9,2.15,22.56,0
6.46,10.97,30.23,1
6.11,15.7,35.52,1
7.62,5.75,25.51,0
7.4,5.66,22.79,0
7.06,2.49,26.89,0
7.17,0.53,23.28,0
6.89,6.02,24.01,0
6.82,13.63,28.55,1
7.6,0.52,19.46,0
6.09,0.1,23.09,0
6.5,2.57,30.3,1
7.43,13.67,25.37,1
7.66,0.94,23.27,0
5.39,39.65,24.25,2
5.37,9.61,27.65,1
4.5,25.24,34.56,2
5.48,14.17,27.66,1
5.44,25.34,37.88,2
7.37,5.11,26.69,1
4.91,29.24,23.62,2
7.69,8.4,27.46,0
7.52,3.35,18.24,0
6.0,13.82,25.77,1
6.66,3.03,22.81,0
8.72,6.0,24.28,1
7.46,7.66,21.62,2
6.34,33.59,37.73,2
7.5,4.35,24.42,0
7.2,6.64,21.83,0
5.38,16.33,25.37,2
5.44,17.16,22.99,1
6.71,1.78,26.67,0
3.25,14.03,25.28,2
6.46,2.35,24.07,0
7.32,20.7,24.52,1
6.78,13.59,26.23,1
6.6,1.22,28.36,0
5.93,7.87,20.19,1
6.23,5.84,25.26,1
3.9,16.04,28.96,2
7.17,6.48,22.99,0
6.87,6.08,22.82,0
7.22,0.1,23.76,0
7.67,23.34,29.7,2
7.52,7.89,22.69,0
5.58,26.55,28.69,2
6.42,4.61,35.29,1
7.16,0.1,25.73,0
6.92,6.98,26.3,0
5.17,9.66,33.95,2
7.17,12.0,28.54,1
7.04,22.41,42.33,2
6.71,7.66,23.7,0
7.61,7.06,22.58,0
6.02,33.13,32.9,2
5.16,0.1,24.57,1
7.45,3.37,15.51,0
8.15,4.69,19.8,0
7.69,7.75,24.69,0
8.03,4.36,22.47,0
7.92,4.68,21.32,0
6.7,4.36,24.06,0
6.9,12.62,30.85,1
6.8,4.54,24.53,1
6.82,0.1,27.25,0
7.09,6.78,31.41,1
6.61,4.21,29.91,0
3.48,19.79,37.53,2
7.57,4.09,28.0,0
7.27,8.07,20.55,0
7.32,3.91,24.21,0
8.33,8.77,26.37,1
6.15,10.63,29.04,1
7.2,2.95,20.82,0
6.88,9.31,27.64,2
5.02,22.33,29.06,2
7.36,25.75,27.14,2
7.4,9.15,24.82,0
6.65,0.1,20.5,0
7.07,15.45,25.39,1
6.62,18.88,28.13,1
7.51,11.22,28.89,1
7.07,29.2,34.42,2
6.82,7.19,26.24,0
6.07,0.1,26.12,1
6.23,13.32,23.74,1
7.52,6.4,32.2,0
7.58,2.59,22.81,0
5.82,10.52,30.97,1
6.03,8.6,24.07,0
6.18,22.05,32.76,2
6.9,1.77,22.96,0
6.11,1.13,21.45,0
4.91,40.09,34.51,2
7.07,0.1,23.14,0
5.75,34.97,31.64,2
7.41,9.56,32.84,2
7.13,0.1,27.44,0
6.71,18.09,30.4,1
6.62,6.29,26.09,0
7.09,4.27,25.8,0
6.85,2.42,23.85,0
7.83,2.06,30.05,0
6.27,9.27,30.32,1
5.37,15.25,40.04,2
7.37,4.96,26.04,0
4.96,9.42,32.67,1
6.41,5.62,25.71,1
7.79,1.27,22.72,0
7.48,13.9,35.24,1
6.91,2.04,20.25,0
6.82,13.26,43.37,2
6.76,8.87,25.37,1
6.25,6.28,27.47,0
7.13,2.58,27.03,0
7.39,0.53,20.29,0
7.3,6.62,35.53,1
7.07,35.71,33.29,2
7.98,1.44,20.6,0
6.03,4.49,24.23,0
6.69,3.47,26.58,0
6.13,9.4,25.95,0
3.58,35.22,37.35,2
5.6,6.16,24.52,2
6.66,6.42,27.93,0
7.82,8.25,25.48,1
6.34,20.43,32.98,2
7.44,7.8,21.83,1
7.38,22.64,39.95,2
6.14,28.54,31.24,2
6.83,14.91,36.02,1
7.18,3.94,32.03,1
6.29,28.05,23.9,2
6.63,25.57,29.18,2
6.42,16.64,27.09,1
8.18,3.3,25.83,0
7.2,5.41,22.59,0
7.98,4.0,18.59,1
6.18,21.96,28.49,2
6.56,6.39,25.44,0
7.21,7.19,26.44,0
6.71,9.15,23.39,1
7.26,4.36,26.22,2
4.26,28.99,35.97,2
6.34,15.3,35.81,1
7.44,2.4,23.43,0
7.0,13.76,31.34,1
7.67,4.85,25.29,0
7.26,0.1,17.12,0
7.12,9.6,26.27,1
7.52,0.98,29.41,0
7.62,1.55,30.22,1
6.49,9.52,28.36,0
7.56,2.89,26.45,0
8.29,1.04,24.32,0
4.75,12.92,27.23,2
6.48,7.57,26.22,1
7.13,3.88,23.4,0
5.72,43.21,45.0,2
3.4,24.56,26.44,2
6.33,10.28,32.32,1
7.25,2.4,23.46,0
7.37,9.38,24.77,2
6.88,13.82,29.16,1
7.52,5.14,25.51,0
7.13,5.54,20.94,0
6.35,21.25,26.51,2
6.58,7.46,25.74,0
7.43,5.95,28.74,0
7.71,8.33,26.85,2
7.17,3.68,24.09,0
6.23,2.77,20.52,0
7.62,7.23,25.23,0
6.3,9.06,28.69,0
5.31,34.92,37.67,2
7.63,4.62,16.75,0
6.4,4.94,31.97,1
6.85,8.76,30.92,0
6.91,12.36,24.0,1
8.1,11.23,25.41,1
5.45,4.21,26.63,1
6.51,4.75,28.26,1
6.33,14.31,42.52,2
6.56,12.31,23.4,1
7.92,2.34,22.7,0
5.8,4.12,36.12,1
6.9,4.72,23.55,0
8.3,5.14,22.01,0
7.78,7.35,30.26,1
7.27,18.17,28.67,1
6.34,7.11,32.19,0
7.37,2.86,26.06,0
6.01,13.63,21.92,1
7.13,7.26,32.3,0
8.23,1.9,21.66,0
7.14,0.1,22.87,0
6.63,13.22,27.24,1
7.53,4.74,17.67,0
4.86,32.62,31.65,2
7.66,18.63,32.49,2
7.2,3.97,28.34,0
8.06,0.1,18.21,0
5.88,6.36,17.87,1
6.62,4.82,24.0,0
7.51,6.41,18.94,0
3.52,29.64,28.13,2
7.79,1.22,26.24,0
7.11,15.28,20.61,1
7.05,5.94,23.87,0
6.98,8.13,30.42,1
5.61,30.28,28.97,2
7.24,2.28,26.54,0
6.75,23.82,39.2,2
5.61,16.33,23.04,1
6.26,13.27,36.12,1
7.05,0.1,22.62,0
6.64,14.08,41.13,2
6.94,4.35,27.61,1
5.25,17.45,36.96,2
7.14,4.84,29.91,0
6.88,13.08,27.63,0
6.92,0.29,25.7,0
4.93,12.21,33.45,2
6.25,14.96,34.64,1
4.17,39.19,42.17,2
5.98,14.03,31.24,1
8.07,0.15,23.11,0
8.02,1.67,21.99,0
7.15,0.51,19.38,0
4.91,15.41,25.98,1
6.35,3.97,18.76,0
7.14,13.16,26.16,0
7.29,0.1,20.37,0
5.71,18.99,43.72,2
7.16,2.01,24.37,0
7.23,0.1,23.19,0
8.2,13.57,24.9,1
8.03,16.98,26.1,1
3.55,26.24,32.69,2
5.93,21.18,29.55,2
6.06,6.13,22.35,1
5.31,15.94,21.72,1
6.98,3.25,26.61,1
6.91,0.1,23.4,0
6.32,0.89,36.18,1
7.14,43.76,37.7,2
5.62,23.82,34.6,2
5.95,1.58,28.27,1
6.45,30.13,32.76,2
5.57,8.94,29.78,2
7.34,9.66,31.05,1
8.44,18.7,30.34,1
7.59,7.41,32.59,1
7.24,9.2,29.48,1
7.23,6.15,24.33,1
7.76,5.31,27.1,0
7.57,5.33,25.18,0
5.04,20.74,30.66,2
6.03,2.85,30.11,1
6.81,3.49,31.45,0
7.14,3.39,22.39,0
7.15,5.22,29.73,2
6.54,2.46,25.5,0
5.73,22.57,33.41,2
5.54,29.59,33.09,2
7.27,8.7,22.49,1
6.7,2.03,20.72,0
6.9,11.56,26.29,1
6.78,19.86,27.25,2
6.76,3.13,27.82,1
7.42,23.33,34.6,2
7.51,2.14,23.55,1
7.01,14.65,31.11,1
5.02,24.26,37.72,2
5.71,16.59,28.57,1
7.47,3.26,27.01,0
7.78,8.7,26.21,0
6.87,2.94,21.65,0
7.16,0.1,32.42,1
7.19,8.94,24.9,0
4.98,34.3,29.04,2
8.02,17.07,23.01,1
7.19,1.69,27.23,0
5.95,6.18,24.53,0
5.41,10.99,33.91,1
6.02,26.99,38.28,2
6.15,9.43,24.94,1
5.29,24.65,31.74,2
7.29,8.27,25.08,1
7.27,6.06,22.32,0
7.85,3.3,19.47,0
6.65,11.95,30.15,2
7.8,12.17,29.3,1
5.82,26.08,24.52,2
6.29,9.52,33.96,1
6.44,0.1,28.12,0
6.63,28.4,20.27,2
7.82,0.49,27.26,0
7.31,5.72,24.18,0
6.76,22.01,33.38,2
5.46,12.58,24.28,2
6.29,5.28,21.64,0
6.54,6.82,33.31,1
6.71,3.43,29.4,0
6.39,6.81,24.17,0
6.96,11.15,31.1,1
5.36,37.53,31.63,2
6.46,21.62,29.33,2
4.38,31.79,29.4,2
6.75,6.69,25.64,1
6.81,5.46,27.16,0
5.84,43.61,37.98,2
5.51,19.91,34.28,2
7.36,3.9,31.72,0
7.74,0.1,21.24,0
7.83,12.5,28.02,1
5.82,10.3,27.77,1
7.15,10.51,25.72,0
6.24,17.21,26.75,1
7.66,0.75,21.42,0
5.75,20.89,42.08,2
6.03,9.8,26.95,0
7.03,10.43,27.77,1
7.66,0.56,25.52,0
8.11,1.17,24.85,0
5.7,17.42,36.03,2
6.98,2.23,33.49,1
7.51,0.92,23.13,0
5.34,6.49,24.75,1
6.84,2.84,30.25,0
7.56,6.04,24.81,0
6.17,14.68,20.94,1
6.75,13.82,23.89,1
4.7,36.52,29.93,2
5.72,16.72,26.77,2
7.62,0.1,26.14,0
4.13,29.33,33.2,2
7.23,2.98,20.12,0
7.93,18.95,34.53,1
6.41,4.88,27.44,1
7.47,7.8,28.35,1
7.36,2.44,27.09,1
7.29,12.33,27.21,1
5.86,16.24,40.41,2
6.07,20.61,43.59,2
6.57,10.41,26.03,1
6.88,13.27,26.08,2
6.54,4.49,29.66,1
5.86,21.36,34.4,2
5.57,4.77,24.91,0
7.79,2.19,19.53,0
6.59,5.33,27.37,1
7.38,13.5,29.82,2
7.35,5.16,31.13,1
7.02,2.6,28.97,0
7.62,4.31,23.41,0
7.55,3.1,24.26,0
8.4,7.76,37.15,1
6.73,3.5,27.52,0
6.6,1.58,33.21,1
7.96,6.29,28.41,1
6.78,5.55,22.68,1
7.73,31.44,35.55,2
7.13,5.12,30.06,0
4.5,31.37,30.07,2
6.96,6.38,25.3,1
7.19,4.85,20.72,0
5.1,29.45,37.89,2
3.98,16.76,27.09,2
7.91,0.1,28.86,0
4.9,14.0,29.65,2
6.64,2.87,20.15,0
7.07,1.12,27.44,0
6.6,5.71,27.16,1
3.86,45.28,31.64,2
6.72,11.03,25.63,1
7.76,0.1,25.98,0
6.13,6.14,23.85,0
7.84,6.78,28.99,1
6.85,11.54,27.2,1
8.18,3.69,24.25,1
5.07,23.97,37.8,2
7.96,7.92,27.39,1
4.88,26.12,31.87,2
6.12,37.03,31.01,2
7.15,1.35,32.69,1
6.72,4.65,27.09,1
7.53,10.01,22.69,1
7.1,7.27,28.16,1
7.86,27.3,39.39,2
3.0,33.42,30.04,2
4.04,28.15,34.42,2
6.87,4.88,29.78,0
6.67,5.56,20.79,0
4.06,32.87,31.58,2
4.99,21.34,26.61,2
6.48,10.91,25.82,0
5.37,20.73,35.7,2
7.15,0.28,22.31,0
5.32,23.32,33.88,2
6.63,13.59,22.63,1
7.74,14.57,28.15,1
5.91,17.38,30.47,2
6.68,11.72,30.16,1
6.62,5.02,27.91,0
6.73,22.73,32.74,2
6.77,4.66,24.01,0
6.86,0.1,21.83,0
6.55,3.72,22.13,0
7.08,0.33,23.9,0
6.64,10.36,31.2,1
9.59,14.24,28.04,2
6.35,9.57,29.91,1
7.29,5.0,22.35,0
6.9,9.26,34.47,1
6.18,8.64,25.09,0
6.72,15.72,29.83,2
6.44,2.47,22.93,0
6.56,23.1,37.82,2
7.01,5.37,25.59,1
7.48,1.71,23.86,0
6.74,7.4,25.57,0
6.37,9.85,26.69,1
6.66,2.37,29.25,0
6.08,12.84,33.89,1
7.39,9.08,20.33,1
4.21,22.11,29.05,2
7.48,9.72,31.51,1
7.83,1.31,24.4,0
4.58,32.46,37.98,2
6.64,5.35,30.09,0
6.84,22.25,22.78,1
6.82,4.97,24.09,0
6.09,44.74,35.69,2
7.77,14.93,35.12,1
6.37,5.37,25.23,0
7.47,8.95,23.3,0
7.28,2.86,27.05,0
7.98,22.6,27.1,2
7.25,15.16,25.22,1
7.32,5.15,25.07,0
6.33,7.29,25.72,1
6.79,5.17,26.59,0
7.37,27.81,26.92,2
6.31,19.43,24.04,2
7.09,8.03,28.1,1
6.76,9.63,25.59,0
7.38,10.65,24.83,0
7.49,1.26,31.47,0
6.86,4.35,29.37,1
7.46,18.67,23.5,1
6.68,3.61,22.82,0
6.96,9.84,25.16,1
8.38,0.1,31.73,1
7.65,6.6,18.15,0
6.91,5.12,24.49,0
6.94,6.14,24.47,1
7.43,4.94,17.36,0
7.11,19.46,41.41,2
6.69,5.36,29.89,1
5.8,11.65,30.36,1
7.05,4.65,18.92,0
7.89,7.69,29.88,1
6.1,0.1,22.25,1
6.73,1.75,20.48,0
5.21,14.33,35.8,2
6.61,2.44,21.17,0
6.41,8.31,27.87,2
6.06,26.23,30.4,2
3.85,26.85,29.68,2
7.02,15.91,30.19,1
7.25,2.39,28.99,1
7.13,6.26,25.58,0
5.57,31.85,38.4,2
7.21,3.82,21.14,0
6.55,32.65,17.62,2
8.04,15.37,19.96,1
6.75,2.21,20.82,0
6.9,3.75,21.15,0
7.78,7.91,31.22,1
7.61,0.56,21.72,0
6.95,11.03,34.98,1
4.89,28.16,34.85,2
8.25,13.02,26.2,1
7.77,10.31,25.56,2
6.46,17.9,24.9,1
7.79,6.76,26.79,0
5.25,6.63,28.69,1
6.94,12.61,29.41,1
8.09,5.21,20.88,1
7.79,7.28,24.17,0
6.53,11.78,30.03,1
7.16,4.75,25.38,1
8.9,6.69,25.55,1
6.61,17.38,25.12,1
6.82,2.89,20.57,0
6.13,16.25,35.25,2
6.92,33.9,38.04,2
7.67,8.69,22.78,1
6.86,7.53,23.41,0
7.1,1.34,22.06,0
6.82,4.92,25.0,0
5.66,17.27,31.84,2
5.3,27.03,35.11,2
6.66,6.86,28.99,1
7.06,5.05,21.18,0
7.03,1.68,22.81,0
7.23,6.35,26.16,1
8.42,0.13,25.73,1
4.18,32.56,29.45,2
7.45,5.18,24.37,0
6.15,12.68,31.15,1
7.29,4.76,31.21,1
3.97,16.42,40.58,2
8.05,9.16,22.86,1
4.68,25.25,35.53,2
7.59,3.62,26.86,0
5.54,26.39,41.15,2
7.23,3.22,20.38,0
7.76,0.39,17.77,0
7.83,7.25,26.21,0
4.63,22.09,18.01,2
7.22,10.3,29.94,1
5.3,14.46,41.02,2
8.45,2.02,16.25,0
5.94,12.53,30.44,1
7.76,5.94,25.22,0
5.98,13.06,22.96,1
8.21,4.19,22.47,0
7.0,12.56,35.73,1
7.88,0.97,16.92,0
7.13,7.84,23.0,1
5.95,17.48,40.54,2
5.7,19.66,22.36,1
7.66,5.04,28.88,1
6.47,6.24,25.18,0
6.14,23.99,39.17,2
7.58,7.86,19.7,0
6.66,38.15,26.46,2
6.98,11.9,25.3,1
5.32,39.08,37.22,2
6.46,22.53,26.53,2
6.36,24.07,26.38,2
6.38,8.59,27.29,0
7.17,46.89,30.27,2
5.64,2.83,24.14,0
6.38,1.3,19.49,0
8.27,14.34,25.06,1
5.72,3.92,23.47,0
4.38,6.86,37.06,2
7.71,4.09,33.53,1
4.58,28.11,34.77,2
7.68,4.05,26.53,0
8.01,18.75,23.22,1
6.03,17.47,31.29,1
6.85,2.1,21.62,0
4.6,13.93,33.79,2
7.43,12.14,27.94,1
5.98,43.48,34.94,2
7.31,12.0,29.24,2
6.63,6.17,30.91,0
5.12,32.43,38.99,2
6.1,2.23,23.63,0
6.88,7.12,22.61,0
6.36,14.11,25.15,2
7.46,1.43,25.84,0
6.27,6.02,44.86,2
6.58,6.38,18.91,0
7.27,7.15,28.79,1
6.86,8.61,30.57,1
6.57,3.41,25.52,0
5.84,16.11,35.16,2
6.77,12.22,24.95,0
7.11,4.47,25.83,0
7.61,6.95,31.4,1
6.92,3.25,19.58,0
6.63,11.53,20.12,1
7.88,21.31,32.06,2
6.97,2.06,27.06,0
7.54,14.69,31.13,2
7.61,1.49,25.46,0
7.56,9.53,24.54,1
6.09,26.83,34.06,2
4.88,12.63,29.36,2
7.24,3.96,25.46,1
7.61,3.8,21.14,0
4.5,16.41,27.16,1
7.75,2.06,20.2,0
7.47,6.09,28.86,1
6.93,3.51,29.63,0
8.33,3.48,23.17,0
6.93,3.57,27.97,0
5.93,9.96,21.93,1
7.18,24.29,33.42,1
5.45,15.24,33.15,2
6.98,16.45,25.99,1
8.21,11.64,29.35,1
4.25,22.18,45.0,2
7.96,4.89,25.95,0
5.53,21.93,24.1,2
6.02,31.58,33.5,2
3.0,28.04,31.08,2
7.06,0.1,17.48,0
7.93,4.1,28.33,1
6.17,0.75,24.07,0
5.29,39.62,45.0,2
7.13,13.17,29.64,1
7.07,13.76,25.29,0
6.37,4.59,28.49,0
8.51,31.88,34.01,2
8.02,3.44,26.13,1
6.54,15.16,23.39,1
6.91,16.57,36.59,2
6.43,12.48,27.96,1
5.64,21.6,28.65,1
6.58,2.62,27.8,0
7.18,3.82,24.14,0
6.46,30.08,34.69,2
6.67,4.53,29.25,0
6.64,4.56,29.5,1
5.32,25.82,25.25,2
5.48,10.74,27.7,1
8.29,13.58,26.28,1
4.44,45.9,36.62,2
6.94,13.2,23.88,1
7.59,5.05,25.39,0
5.92,39.54,35.63,2
6.5,3.55,24.1,0
6.77,4.54,26.53,0
7.51,1.59,23.65,0
5.68,28.03,36.45,2
7.75,13.19,31.58,1
7.63,2.82,24.76,0
5.28,12.51,36.53,2
7.48,5.35,28.25,0
7.15,8.54,23.8,1
7.18,0.1,27.67,0
6.35,0.1,26.69,0
7.21,6.84,26.22,0
5.81,19.57,42.81,2
6.33,12.97,28.74,1
5.34,7.21,25.11,1
8.36,1.73,27.14,1
6.39,6.85,28.34,0
7.34,1.1,16.37,0
6.5,5.62,21.02,0
9.52,8.28,29.52,1
6.33,7.29,29.87,0
6.63,12.14,26.83,1
6.91,1.08,22.94,0
7.35,13.14,31.73,1
6.91,0.1,22.69,0
7.32,6.64,25.24,0
7.58,5.53,26.92,1
8.32,0.1,21.09,0
7.04,0.1,22.38,0
7.08,1.78,22.23,1
7.13,3.72,26.29,0
7.2,5.68,28.99,1
6.38,1.95,26.82,0
5.86,22.96,32.38,1
5.28,27.69,16.06,2
6.8,4.41,26.94,0
7.45,3.54,21.83,0
5.94,4.18,24.75,0
7.56,3.41,26.86,0
6.84,8.93,26.2,1
3.0,30.03,40.24,2
8.08,2.13,27.72,0
6.85,5.18,25.87,2
6.57,8.63,23.75,1
7.26,2.59,23.79,0
7.89,13.14,27.9,1
6.37,3.64,24.28,0
7.05,2.09,25.09,0
6.7,17.83,27.31,2
7.88,2.53,23.98,0
5.25,18.1,19.34,2
6.61,2.99,23.46,0
4.49,23.97,41.89,2
6.55,9.95,27.42,1
6.99,11.04,30.9,1
7.47,6.96,28.96,0
7.06,3.32,18.04,0
4.61,38.41,27.88,2
5.31,15.35,27.16,1
5.94,7.36,26.25,1
5.24,6.99,26.1,1
7.52,4.59,22.57,0
7.13,0.27,25.01,0
7.17,5.36,20.55,0
3.7,22.38,29.29,2
5.65,26.91,33.68,2
5.12,19.68,27.43,2
5.43,20.95,30.96,2
6.47,6.69,25.63,0
7.69,22.71,34.29,1
8.31,21.42,33.36,2
5.6,15.28,28.22,2
6.95,4.18,25.75,0
5.81,6.67,31.5,1
7.76,5.3,22.75,0
7.28,13.43,22.17,1
6.29,19.71,27.48,1
6.51,4.1,27.89,0
7.45,8.51,25.69,1
5.82,26.6,32.67,2
7.55,1.79,24.69,0
6.31,6.42,25.45,1
7.31,4.51,26.26,0
6.79,17.71,23.49,1
6.13,21.02,28.84,2
6.73,3.88,34.53,1
5.33,2.32,19.84,1
7.85,22.87,24.32,1
6.39,7.74,29.76,1
7.08,8.08,23.86,1
8.03,9.77,25.53,1
6.46,8.4,43.27,2
7.99,0.97,21.49,0
3.0,28.96,40.46,2
8.52,6.47,24.08,1
7.24,3.4,20.3,0
7.29,12.48,32.93,1
7.3,2.42,19.92,0
7.11,4.39,23.94,0
6.18,27.01,38.78,2
5.54,26.62,25.1,2
8.32,10.38,27.87,1
7.09,5.28,25.07,0
7.06,2.32,30.93,0
8.03,1.73,24.25,1
6.5,13.97,20.69,1
6.17,8.55,21.89,1
7.75,10.9,28.94,1
5.74,3.3,29.3,2
6.19,3.61,25.09,1
5.75,17.99,31.82,2
6.58,6.36,32.81,1
7.15,5.61,28.4,0
6.5,7.14,22.49,1
3.77,31.36,27.54,2
7.43,3.91,23.92,1
5.97,0.57,31.43,0
6.92,12.19,29.67,0
6.85,3.49,27.48,0
6.33,8.67,26.58,2
7.6,10.26,31.33,1
7.7,0.1,26.13,0
8.07,26.98,33.19,2
7.58,6.92,32.54,1
6.0,8.63,20.56,1
6.56,6.1,22.29,0
7.67,10.08,29.82,0
6.11,13.67,32.24,2
6.6,14.58,23.97,1
5.9,6.25,27.17,0
6.99,4.74,16.78,0
7.98,2.91,21.39,1
7.72,3.69,21.0,0
6.41,22.89,20.36,1
7.06,17.42,25.2,1
7.21,4.36,22.07,0
8.28,4.72,27.22,0
6.19,18.93,38.15,2
6.81,0.1,20.97,0
6.67,4.73,22.64,0
6.59,8.49,30.68,1
6.79,7.9,30.25,1
5.14,3.5,30.46,2
7.36,12.35,26.67,1
6.51,9.51,28.87,1
6.95,6.62,23.52,0
6.32,12.97,31.5,1
6.97,11.6,33.05,1
7.57,11.63,29.17,1
6.92,3.42,20.13,0
7.06,6.63,28.85,1
4.64,25.35,37.61,2
7.29,11.65,34.32,1
3.7,19.28,27.1,2
6.54,7.36,21.8,1
3.96,32.37,36.28,2
5.46,16.04,26.3,1
7.8,3.22,28.77,0
7.32,7.2,20.65,0
5.23,15.5,31.67,2
7.92,3.04,22.99,0
6.1,0.99,24.07,0
7.77,16.3,32.9,2
6.01,27.19,37.28,2
4.03,17.94,32.52,2
7.21,18.59,27.47,1
7.1,6.47,25.88,1
7.52,12.31,29.61,1
4.87,21.62,21.11,1
6.2,2.91,29.6,0
6.24,33.46,31.9,2
7.28,13.94,31.35,1
7.34,1.66,18.57,0
6.55,9.24,28.57,1
8.09,7.45,35.88,2
7.15,17.38,25.5,1
7.72,7.91,36.26,1
6.48,9.07,28.56,1
6.87,12.35,33.23,1
6.26,4.47,26.45,1
6.58,10.66,24.57,0
7.03,17.45,36.13,1
7.53,5.83,30.88,1
6.96,2.86,28.21,0
6.8,27.49,34.42,2
5.96,31.0,32.52,2
7.68,2.79,24.13,0
7.37,7.72,33.94,1
6.75,6.89,27.95,0
6.56,12.46,38.99,2
6.13,7.51,34.5,1
6.81,5.43,30.38,1
8.11,8.41,21.39,0
7.01,15.36,28.49,1
8.28,20.46,30.76,1
7.79,5.03,27.24,0
4.41,19.74,31.5,2
7.65,9.79,34.93,1
7.6,8.41,26.06,0
8.49,14.41,24.89,2
7.08,13.29,38.89,1
5.47,13.75,24.56,1
6.8,11.65,27.46,1
4.83,6.86,42.01,2
7.28,30.07,25.93,2
7.64,5.77,20.68,0
7.08,2.75,23.41,0
7.69,0.76,26.42,0
5.41,30.05,22.73,2
7.71,17.45,32.3,2
7.03,6.59,30.19,0
7.18,14.49,30.66,1
5.72,32.26,25.98,2
6.85,1.07,23.79,0
7.47,2.84,26.77,0
7.4,4.34,22.95,0
7.11,7.97,29.46,0
6.49,9.99,28.82,0
9.29,30.0,38.45,2
6.66,13.11,27.14,1
5.14,34.35,29.22,2
4.88,23.65,37.34,2
5.8,17.02,39.43,2
6.71,5.55,28.75,2
6.63,13.02,27.8,0
7.32,3.05,27.98,0
6.13,3.68,26.2,0
8.14,1.18,24.11,0
7.86,3.59,17.93,0
5.61,45.18,33.79,2
6.98,11.46,23.04,1
7.72,3.29,20.28,0
7.63,10.25,26.23,1
6.01,0.1,26.85,0
8.03,3.27,23.87,0
6.78,5.29,23.83,0
6.57,13.92,27.13,1
6.83,2.49,16.52,0
5.63,39.04,24.87,2
7.5,3.25,25.15,0
5.89,21.13,37.04,2
6.3,5.97,22.6,0
3.94,29.78,30.94,2
7.07,7.38,28.86,1
7.17,31.36,22.85,2
6.4,34.73,36.07,2
4.17,12.93,38.89,2
7.33,8.23,29.01,2
5.96,14.41,31.23,2
7.39,4.02,19.03,0
7.51,1.72,29.83,0
5.32,7.71,24.96,2
6.99,9.46,20.23,1
5.54,33.1,39.97,2
7.39,3.33,17.99,0
6.96,7.36,27.41,0
6.79,6.4,29.88,1
6.63,7.38,20.79,0
7.18,5.55,21.87,0
6.37,16.89,25.0,1
7.62,0.1,21.42,0
7.93,10.45,25.75,1
7.44,10.57,29.12,1
6.65,37.04,26.31,2
6.69,27.96,26.6,2
7.41,11.9,29.18,1
6.66,1.6,28.71,1
6.02,7.03,22.43,0
6.61,14.45,24.04,1
7.22,3.92,25.0,0
6.71,9.91,24.85,2
7.21,1.8,21.26,0
7.39,8.84,25.51,1
7.46,5.15,18.44,0
7.33,14.3,27.99,1
7.45,1.65,21.83,0
7.62,5.27,20.4,0
6.57,4.14,25.96,0
7.23,2.68,24.16,0
5.02,36.78,35.26,2
4.84,43.28,41.63,2
6.39,11.09,28.28,1
7.49,4.47,23.61,0
7.43,25.95,39.09,2
7.31,0.27,27.43,0
7.06,21.88,33.72,2
6.78,5.11,24.57,0
8.34,3.04,28.01,0
5.54,26.85,41.43,2
6.44,3.09,25.04,0
6.19,4.0,27.24,0
6.23,10.91,30.42,1
7.74,2.35,25.66,0
6.43,20.68,29.22,2
7.85,4.08,27.12,0
6.54,8.29,21.28,1
5.04,17.45,31.06,2
6.95,3.26,16.53,0
7.2,4.85,20.51,0
4.93,10.15,33.0,2
5.9,4.47,27.45,0
7.43,5.85,21.98,1
7.06,14.79,26.36,1
6.02,17.04,25.69,1
6.92,10.6,24.7,1
7.91,2.59,21.12,0
7.63,5.51,27.18,0
7.16,15.65,28.55,1
7.03,6.23,20.16,0
4.63,13.96,38.71,2
3.14,15.88,26.9,2
6.58,3.09,25.24,0
7.5,1.54,24.78,0
7.74,1.88,21.19,0
6.73,15.74,35.54,1
6.88,17.61,28.99,1
6.27,16.52,34.71,2
6.51,5.38,25.15,0
6.75,28.29,25.85,2
7.43,8.42,27.29,1
7.02,0.1,22.0,0
9.27,21.44,37.85,2
7.02,3.41,18.67,0
6.49,5.07,25.09,0
5.57,18.32,31.13,2
6.98,7.72,30.44,0
7.52,4.25,29.78,1
6.15,0.69,28.41,1
5.27,0.19,27.42,1
4.7,32.33,29.42,2
7.99,1.58,25.31,0
7.33,0.1,19.38,0
5.81,6.14,23.08,1
6.77,4.51,19.29,0
7.5,4.21,29.67,0
6.9,14.14,24.78,1
7.05,11.76,29.95,1
3.55,28.41,35.57,2
6.39,12.37,22.4,1
8.29,3.86,26.32,0
7.17,21.95,37.32,2
6.02,26.68,37.45,2
4.71,19.97,24.37,2
6.68,2.5,20.37,1
5.76,35.17,32.19,2
7.44,7.9,23.87,0
6.2,3.24,22.18,0
4.47,21.55,39.32,2
7.42,4.03,26.93,0
6.87,4.16,30.33,0
7.01,3.46,20.87,0
3.87,26.9,24.81,2
6.49,11.85,26.74,1
6.77,2.8,26.13,0
6.7,11.89,29.79,1
6.51,6.69,26.85,0
4.12,27.22,41.79,2
6.84,7.77,25.51,0
6.55,33.53,41.05,2
8.53,7.1,25.83,1
4.51,24.1,34.31,2
7.32,1.83,19.02,0
4.96,17.99,36.37,2
6.69,6.29,26.66,0
7.23,0.1,20.52,0
7.54,0.1,22.05,0
7.39,1.03,30.58,1
7.36,4.47,32.31,1
6.86,8.11,26.18,1
7.63,9.08,28.14,2
6.33,6.7,26.96,0
4.73,19.22,26.16,2
6.43,14.7,30.46,1
6.81,7.33,28.53,0
4.94,7.33,29.56,1
3.01,22.77,38.58,2
7.56,3.31,23.94,1
5.92,23.63,27.11,2
6.98,8.37,16.77,0
5.35,14.04,31.28,1
5.85,4.51,25.2,0
6.4,5.29,30.89,0
4.76,10.19,28.05,1
5.71,13.87,26.78,1
6.44,2.08,27.14,0
5.35,28.51,38.02,2
6.13,14.87,30.94,2
6.42,4.12,28.51,0
6.98,0.32,23.54,0
7.91,4.24,21.97,1
7.6,7.39,24.17,1
7.89,1.18,24.64,0
6.94,13.2,36.2,1
5.61,12.04,27.87,1
5.04,33.68,38.36,2
5.05,8.17,26.74,1
7.03,8.02,21.37,1
7.35,12.69,30.65,0
8.62,1.67,25.27,0
4.79,35.32,33.54,2
6.69,2.76,22.34,0
6.7,11.95,23.79,1
5.48,15.83,30.47,1
7.18,5.17,26.95,1
7.51,10.61,23.24,1
4.51,28.02,30.86,1
6.13,0.76,15.93,0
7.61,1.5,21.12,0
6.32,10.46,22.78,1
7.56,5.32,28.22,1
6.01,4.92,23.59,0
4.3,26.28,39.66,2
5.64,9.25,33.2,2
4.36,17.34,26.54,2
7.34,7.11,23.72,0
7.19,4.99,22.62,0
7.42,6.73,24.55,0
6.26,3.84,25.73,0
7.71,0.1,29.2,0
6.27,4.85,32.79,1
9.06,8.62,20.04,1
6.99,17.13,28.09,1
5.91,13.87,32.11,1
7.16,1.25,27.86,0
6.77,4.16,22.77,0
7.49,4.55,25.01,1
3.99,35.41,29.01,2
6.75,0.83,24.26,0
5.6,10.01,22.44,1
5.92,30.81,35.76,2
7.22,9.69,27.17,1
7.49,4.14,22.58,0
7.0,0.71,23.25,0
7.64,8.94,27.53,1
7.07,5.81,29.3,0
6.38,6.36,22.21,1
6.93,5.83,24.75,1
5.49,12.95,33.97,2
4.01,31.6,32.81,2
6.72,2.91,30.26,0
6.78,0.21,33.3,1
5.2,13.21,31.35,2
5.64,9.95,34.03,1
6.7,6.68,28.81,0
7.8,37.84,35.15,2
7.29,7.91,24.93,0
7.05,1.48,20.87,0
7.31,9.03,26.59,1
6.91,13.12,25.34,1
7.01,2.02,25.3,0
7.57,2.52,31.56,0
4.78,37.19,33.48,2
6.75,1.76,23.2,0
7.89,3.55,21.16,0
6.42,17.95,23.92,1
6.23,28.46,38.23,2
7.02,7.9,16.61,0
7.47,14.97,28.55,1
7.27,0.17,18.73,0
6.71,5.91,21.16,0
7.3,1.85,19.34,0
6.84,0.1,20.09,0
8.0,19.24,31.52,2
6.45,11.87,28.11,1
4.23,21.95,30.79,1
7.43,0.1,22.05,0
4.5,33.48,34.15,2
4.14,29.11,27.27,2
8.35,19.21,40.03,2
7.79,7.33,24.94,1
6.71,5.15,25.67,0
6.35,1.66,23.93,0
6.39,27.73,31.21,2
6.74,3.22,24.56,0
6.06,25.16,33.58,2
7.28,9.75,27.89,2
7.6,4.04,21.64,0
7.55,10.97,36.61,2
7.74,30.05,34.21,2
6.55,0.36,27.2,0
7.04,3.13,23.38,0
7.03,9.1,23.11,1
6.24,17.17,32.46,1
7.73,11.34,24.4,1
6.85,6.04,25.44,0
7.22,3.62,31.8,1
7.78,1.81,27.26,0
6.87,2.65,29.54,0
3.58,22.64,37.01,2
6.58,31.62,42.64,2
4.8,17.56,29.15,2
8.63,13.83,32.14,1
5.75,37.13,36.75,2
6.88,8.16,28.02,0
7.65,5.77,27.83,1
5.42,13.95,30.92,1
7.7,6.2,30.05,0
4.23,14.99,31.65,1
7.77,5.38,24.86,0
6.53,1.88,27.12,0
3.23,21.93,36.6,2
6.97,0.1,29.92,0
5.92,0.15,24.43,1
5.95,0.52,23.39,0
6.37,6.43,25.53,1
7.28,2.51,27.32,0
6.74,3.68,22.64,0
6.88,2.96,28.81,0
7.17,0.1,23.54,0
6.68,4.95,28.44,0
6.55,14.52,28.26,2
5.81,2.97,27.1,0
7.11,7.14,29.11,0
8.09,6.0,18.55,0
7.16,7.69,27.51,1
6.12,26.71,25.32,2
7.5,5.71,21.79,0
3.96,21.0,39.01,2
7.34,9.04,25.44,0
6.58,8.81,25.0,2
6.18,15.74,25.33,1
6.1,5.12,26.93,2
7.55,5.63,24.33,0
8.87,3.88,17.11,0
7.52,3.24,23.51,0
6.15,14.28,21.95,1
6.07,5.8,22.05,0
7.02,13.38,33.4,1
6.86,4.33,23.58,0
6.45,2.86,34.92,1
7.34,0.58,22.37,0
7.22,2.83,21.64,0
6.49,8.62,40.38,2
6.99,9.09,34.92,1
4.76,28.73,37.96,2
7.68,2.32,27.61,0
7.25,4.47,20.19,0
7.35,5.15,19.22,0
7.66,1.51,23.92,0
7.1,3.22,24.7,1
6.6,8.91,27.42,0
7.67,13.23,25.18,1
6.48,6.43,27.21,0
7.0,3.58,22.5,0
6.93,4.24,28.06,2
4.92,18.32,31.27,2
5.94,15.88,24.95,1
7.72,4.67,25.79,0
6.66,12.98,25.55,2
6.25,4.67,27.95,0
5.72,10.79,32.86,1
7.7,2.89,24.43,0
6.02,4.6,29.5,0
5.87,23.97,25.68,2
7.11,12.06,28.18,1
6.66,22.91,23.49,2
7.95,17.54,27.4,1
6.02,7.5,27.24,1
7.82,3.21,27.4,0
7.98,2.07,18.43,0
7.15,4.1,25.83,0
6.82,30.66,27.99,2
7.32,6.58,17.78,0
6.26,16.34,29.85,2
7.09,1.17,21.15,0
7.28,8.16,26.14,1
4.95,16.83,31.86,1
6.72,1.25,22.18,0
6.74,15.68,26.88,1
5.94,8.86,24.38,0
6.25,5.08,24.09,0
7.5,1.93,28.18,0
7.75,5.59,22.51,1
7.39,1.97,32.62,0
7.18,11.59,24.98,0
6.16,5.76,29.77,1
6.38,7.7,22.84,0
7.56,11.68,25.94,1
6.5,3.71,21.02,0
7.45,23.15,30.45,1
6.09,10.73,23.9,1
6.78,13.39,34.76,1
7.64,0.1,25.3,0
6.75,2.58,19.93,0
5.19,8.38,34.34,2
7.71,9.35,27.56,2
7.14,1.2,21.32,0
6.85,3.6,29.1,1
8.14,2.64,18.46,0
8.3,7.79,23.39,1
6.15,2.69,28.69,0
7.38,34.51,25.13,2
6.85,4.39,29.11,0
5.9,23.3,22.33,2
7.51,5.2,23.21,0
5.97,32.82,30.99,2
7.17,5.13,23.21,0
5.94,15.2,35.39,2
5.49,0.1,32.42,1
4.72,21.03,30.62,2
7.43,1.68,24.78,0
5.72,2.5,25.61,1
6.81,5.56,23.46,0
7.12,8.14,18.32,1
6.38,32.33,42.43,2
6.62,5.03,24.3,1
7.3,0.6,26.57,0
6.51,3.2,27.54,0
6.11,16.19,26.85,2
6.93,2.16,24.33,0
8.06,13.04,29.16,1
6.34,0.1,22.6,0
7.09,10.57,28.31,2
6.71,19.11,21.04,1
6.17,18.93,30.64,2
6.88,2.36,21.98,0
7.59,12.77,26.22,1
7.1,8.03,20.07,1
7.04,11.3,26.83,0
6.47,9.05,17.83,0
7.01,1.7,30.31,0
6.14,37.23,32.67,2
6.0,10.68,26.23,1
7.53,0.1,20.42,0
7.64,6.52,27.77,1
7.0,9.97,22.28,1
6.78,0.47,26.67,0
7.45,14.45,35.21,1
5.98,32.04,33.89,2
6.8,2.2,30.47,1
7.17,12.99,18.6,1
7.59,7.36,31.14,1
7.08,0.81,25.76,0
6.46,15.09,27.82,2
6.58,1.87,20.2,0
7.03,12.07,24.11,1
5.91,9.03,20.05,1
7.78,0.1,26.42,0
6.51,4.46,17.83,0
4.72,17.32,42.67,2
7.31,13.02,23.65,1
7.08,7.75,31.54,0
6.22,12.31,28.56,1
7.57,7.93,31.04,0
8.05,2.62,23.99,0
7.18,2.77,28.99,0
5.89,12.82,32.71,1
7.51,3.91,25.16,0
7.4,5.28,25.44,0
7.13,32.26,42.92,2
6.36,4.32,28.76,0
7.63,0.1,26.89,1
6.56,12.99,23.21,1
7.24,6.19,29.95,1
6.91,3.85,23.98,0
5.55,8.97,24.53,1
7.92,1.74,20.77,0
6.32,13.35,30.02,2
5.2,14.31,21.06,1
7.6,0.41,29.32,1
7.01,1.29,23.18,1
5.4,10.19,29.09,1
6.6,6.47,33.16,1
7.02,5.94,25.59,0
7.68,5.55,25.12,1
7.38,3.82,24.47,0
5.66,18.7,32.44,1
5.95,0.1,19.1,0
6.3,11.83,22.72,1
5.32,7.24,29.52,1
6.01,13.29,35.97,1
7.61,4.93,30.6,0
7.58,10.42,32.86,1
6.59,5.86,24.58,0
7.65,33.02,26.83,2
5.93,14.33,28.01,1
5.67,11.86,38.09,1
6.25,34.54,40.95,2
7.99,10.82,26.19,1
7.26,1.73,25.49,0
7.18,9.22,30.3,1
6.46,7.58,28.5,2
7.85,9.17,22.95,0
7.43,4.73,29.14,1
6.24,7.77,28.92,0
8.14,6.34,20.15,0
5.11,36.02,36.45,2
7.21,2.23,21.79,0
7.06,2.5,23.1,0
6.7,15.89,28.69,1
7.92,29.65,41.76,2
7.35,16.84,30.2,1
6.51,11.77,28.96,1
5.28,17.05,45.0,2
7.77,44.1,25.79,2
7.95,10.14,22.84,1
7.12,3.25,22.84,0
5.15,6.78,25.45,1
6.46,2.95,24.36,0
7.07,12.81,24.85,1
6.48,31.71,39.51,2
8.19,20.1,25.5,1
7.23,2.79,24.13,0
7.28,1.28,26.62,0
6.05,28.42,26.72,2
6.1,0.75,30.94,1
6.89,2.65,23.53,0
7.07,2.33,26.75,0
6.3,10.33,29.68,1
7.34,5.07,25.41,0
4.59,8.38,36.53,1
5.8,33.07,37.78,2
6.27,5.23,24.93,0
6.76,4.63,24.36,0
7.21,6.04,25.18,1
4.13,9.71,29.09,2
5.86,2.75,27.14,0
6.1,28.17,30.71,2
7.68,3.42,26.48,0
6.26,32.51,26.05,2
6.05,0.1,23.76,0
7.36,6.13,24.93,0
6.61,9.04,26.82,1
6.39,18.6,23.84,1
7.13,7.41,28.3,2
6.32,6.61,26.91,0
6.47,6.35,26.95,0
6.28,6.81,24.5,0
6.59,14.03,21.84,1
4.8,17.54,35.66,2
6.66,4.92,36.25,1
6.19,10.8,24.8,1
8.48,1.24,21.2,0
6.69,2.36,23.97,0
4.63,25.98,34.15,2
8.1,5.97,21.45,0
7.25,4.92,21.34,1
4.46,28.2,33.23,2
6.59,13.14,28.49,1
3.11,14.33,27.66,2
5.64,42.46,33.92,2
6.53,7.43,31.9,1
6.27,9.8,27.46,1
5.87,3.65,22.79,1
4.74,16.4,23.81,1
6.51,7.93,25.45,0
7.28,12.12,25.56,1
6.1,2.87,24.66,0
5.76,6.06,20.19,1
6.01,15.89,25.51,1
5.99,34.25,41.75,2
7.38,7.34,25.4,1
6.58,17.12,24.14,1
6.72,13.72,32.54,1
7.32,2.04,25.49,0
5.55,8.9,27.92,1
7.29,14.02,29.38,1
7.73,5.35,30.12,1
8.27,6.03,24.16,0
6.1,4.71,19.86,0
7.32,5.68,16.28,0
7.69,6.74,19.69,0
7.36,9.43,33.71,1
6.04,7.39,31.55,1
7.64,5.73,27.15,0
5.91,21.2,31.99,2
7.59,31.72,42.86,2
6.45,5.17,23.09,0
5.63,15.71,30.03,1
6.36,11.09,29.75,0
6.97,0.1,19.47,0
3.0,18.31,27.53,2
3.48,16.69,29.33,1
6.01,3.84,25.7,0
7.94,16.49,27.13,1
7.01,2.74,25.03,0
6.38,6.14,23.79,0
7.55,0.87,25.54,0
5.57,15.35,23.82,2
7.36,3.18,20.78,0
6.24,1.62,26.2,0
5.27,16.31,18.31,1
6.29,14.37,34.99,2
5.16,13.12,27.73,1
7.55,9.69,26.17,1
7.33,0.1,25.79,1
7.11,2.91,21.52,0
6.82,18.86,19.62,2
6.93,30.89,30.14,2
7.02,2.07,27.19,0
7.63,1.13,24.46,0
5.82,12.14,29.76,2
6.54,1.87,24.0,0
7.48,3.79,24.35,0
6.5,13.54,28.25,0
5.51,24.41,25.66,2
6.71,12.76,29.2,1
4.78,34.35,35.06,2
6.91,4.64,24.17,0
6.85,11.4,26.75,1
3.96,25.8,38.26,2
8.0,6.19,24.15,0
7.02,2.5,14.82,0
7.49,3.64,22.12,0
7.77,4.02,29.68,1
4.48,18.88,30.1,2
6.57,3.49,26.64,1
6.19,9.15,40.07,2
4.4,5.81,36.86,2
6.99,5.06,24.21,0
3.97,25.04,34.75,2
5.94,4.44,27.51,0
7.13,2.6,21.22,0
4.9,22.87,32.46,2
6.08,37.78,35.87,2
4.98,31.05,31.83,2
3.9,17.33,38.72,2
5.97,28.74,45.0,2
5.74,20.08,36.75,2
6.9,3.2,23.09,0
5.74,32.96,34.85,2
7.08,15.06,28.01,1
6.88,2.08,26.76,0
7.58,6.66,28.35,0
7.64,3.88,19.36,0
5.88,20.62,29.18,2
7.18,28.59,35.88,2
6.8,4.71,23.85,0
7.24,11.92,29.83,2
5.32,7.51,23.58,1
7.21,8.6,29.34,1
7.58,0.2,21.69,0
7.13,12.23,28.1,2
7.01,4.92,21.94,1
7.04,5.46,33.24,1
7.0,5.74,26.09,1
7.1,1.04,20.33,0
5.64,14.45,35.44,1
7.18,3.36,23.91,0
7.93,8.23,36.98,1
7.11,11.62,30.36,2
6.48,8.23,25.2,1
5.81,4.79,26.22,0
7.58,6.15,27.21,1
6.53,5.62,21.86,0
6.46,3.65,24.95,0
7.85,6.12,24.17,0
6.91,18.9,25.75,1
6.1,14.67,34.5,1
4.6,29.01,37.57,2
3.8,22.87,32.75,2
6.08,10.89,31.92,1
3.39,34.39,30.82,2
4.68,36.37,34.83,2
7.28,0.1,21.36,0
7.47,6.82,18.23,0
6.8,1.48,20.19,0
7.13,2.67,26.03,0
7.88,7.17,24.42,1
7.11,0.1,23.66,0
7.52,8.59,30.84,2
8.08,3.68,23.17,0
7.67,0.44,25.56,0
6.89,3.39,25.75,0
5.13,23.38,43.32,2
6.56,11.18,23.08,1
6.55,11.47,32.3,1
5.06,17.7,26.34,1
5.02,11.19,29.58,2
8.74,12.87,31.68,1
5.07,25.04,34.16,2
7.38,8.0,29.1,1
6.07,10.46,29.22,1
7.58,1.42,22.84,0
7.62,1.76,21.55,0
7.48,6.61,21.63,0
7.61,3.1,20.63,0
5.85,3.45,22.79,1
7.22,5.24,24.8,0
7.24,6.52,22.59,0
7.46,2.56,26.95,0
6.7,2.92,24.1,0
4.93,16.34,31.54,2
6.53,14.97,24.09,1
6.91,3.35,27.04,0
5.24,22.61,37.84,2
7.26,4.61,26.34,0
6.23,15.01,30.64,1
7.54,0.1,23.11,0
5.94,15.04,26.89,2
5.6,12.49,21.18,1
7.29,4.32,23.48,0
6.61,12.73,27.8,2
7.76,2.92,26.14,1
6.72,8.21,30.32,1
6.36,36.25,37.06,2
7.43,5.63,23.87,1
6.48,11.62,22.34,1
7.72,2.34,17.06,0
7.15,5.76,30.51,2
6.08,6.94,30.32,1
6.68,13.45,38.03,1
7.36,3.87,24.35,0
7.13,5.91,25.35,0
7.82,1.99,25.04,0
7.5,7.08,23.72,1
6.67,11.82,30.46,1
7.62,4.95,27.52,0
6.95,5.09,28.45,0
5.26,11.76,29.98,2
6.52,8.49,19.76,1
7.48,8.23,23.83,1
4.74,25.73,29.81,2
6.67,0.1,24.15,1
6.84,12.66,25.25,1
7.13,9.89,28.46,2
5.76,15.15,31.94,1
7.04,9.12,25.62,1
7.28,7.23,28.76,1
6.8,0.1,24.73,0
7.18,3.18,28.0,0
6.38,4.67,29.02,0
7.53,3.24,20.38,0
7.57,3.41,17.18,0
7.73,13.54,27.34,1
4.85,11.35,37.8,1
7.35,5.03,25.01,0
5.06,26.63,29.77,2
6.86,5.66,30.58,0
5.82,25.87,32.24,2
4.64,23.74,35.27,2
7.76,6.01,31.4,0
6.88,8.33,27.49,0
5.47,22.98,31.52,2
8.32,0.1,28.72,0
7.92,18.37,27.3,1
4.58,23.44,28.47,2
7.26,5.63,24.69,0
6.72,9.09,37.72,2
7.4,1.75,21.67,0
6.37,1.25,23.95,0
6.2,6.48,29.85,0
6.39,7.25,22.84,1
6.92,4.69,22.17,1
7.13,4.38,28.78,0
6.76,4.04,26.51,0
6.75,19.3,38.06,2
7.08,1.53,23.3,0
5.45,3.56,24.86,1
6.35,4.49,27.96,1
6.26,13.71,29.39,1
6.83,4.78,24.53,0
6.55,17.0,25.69,1
5.93,25.18,32.42,2
7.43,3.26,27.17,0
5.89,18.75,27.2,2
6.42,1.12,18.83,0
6.38,5.58,28.01,2
6.77,10.74,26.38,1
7.04,15.92,25.52,1
3.16,20.36,43.98,2
7.31,6.1,26.12,1
6.13,13.34,17.64,1
7.54,2.82,22.48,0
7.0,5.86,24.2,0
6.56,0.1,20.75,0
6.71,5.19,35.26,1
6.84,32.41,32.04,2
6.69,5.47,21.76,0
7.58,3.7,19.96,2
6.93,0.1,23.47,0
6.66,6.94,29.9,1
7.29,0.59,19.35,0
6.7,5.16,26.46,0
6.14,13.2,32.47,1
6.94,8.52,26.26,0
7.62,15.86,25.76,1
6.88,4.11,20.79,0
5.8,11.18,30.53,1
5.67,7.61,35.48,1
5.25,32.19,31.74,2
7.44,8.19,28.99,0
8.11,43.88,27.73,2
6.71,4.86,28.6,0
6.32,0.68,17.1,0
6.41,13.33,25.57,1
8.2,14.37,24.18,1
6.61,0.97,21.02,0
7.76,8.4,26.72,0
7.34,4.74,14.05,0
6.66,5.63,29.44,0
9.73,37.67,37.81,2
6.91,4.12,31.13,1
6.09,4.04,18.76,1
8.34,0.99,25.99,0
5.83,8.99,28.99,1
5.79,21.66,33.3,2
6.91,5.24,28.2,0
7.13,6.43,27.83,1
5.63,10.38,18.63,2
7.13,4.21,20.33,0
6.82,0.79,22.29,0
6.63,0.95,26.21,0
7.73,8.44,25.31,1
7.62,32.83,23.34,2
7.74,1.21,22.74,0
7.09,3.0,23.99,0
7.24,8.79,35.09,1
5.43,10.72,33.45,1
6.8,10.03,34.63,1
6.73,10.59,28.57,1
7.07,3.0,17.11,0
7.08,3.69,21.16,1
5.43,9.38,32.34,1
6.8,1.94,25.7,0
7.93,26.74,21.92,2
7.14,8.17,28.54,1
4.88,21.63,31.44,2
5.63,4.93,24.33,0
7.02,13.82,31.48,1
8.15,4.66,18.48,0
4.46,16.57,31.78,2
6.49,2.42,18.77,0
6.4,4.08,21.13,0
6.82,6.96,27.85,1
7.08,0.1,22.11,0
6.69,3.55,25.75,0
5.91,12.96,34.67,2
6.75,43.19,25.87,2
6.76,1.92,31.03,0
5.44,11.41,27.8,1
7.3,7.28,29.42,2
7.53,2.61,23.09,0
8.43,11.47,28.14,1
6.3,19.48,23.61,1
8.15,0.96,26.59,0
5.63,7.16,32.89,1
6.57,9.06,24.5,1
7.77,3.99,29.92,0
7.84,5.83,30.07,1
6.08,0.1,18.5,0
7.75,0.1,22.73,0
6.64,8.68,29.63,1
6.83,5.55,25.92,0
6.42,6.68,24.39,0
6.8,1.65,28.08,0
6.37,3.75,24.46,0
8.63,22.85,28.82,2
7.02,3.04,21.31,0
7.01,0.72,24.61,1
7.07,18.77,34.81,2
7.46,4.1,23.51,0
6.52,5.42,26.37,0
6.66,13.63,25.51,1
7.43,2.65,35.64,0
7.53,12.42,24.51,0
6.84,0.99,19.17,0
5.78,24.31,28.92,2
6.57,20.24,27.33,1
5.65,27.94,33.55,2
7.44,2.13,29.47,0
6.03,20.13,23.79,1
7.12,5.05,26.94,1
7.48,7.16,20.65,1
7.75,19.16,34.57,2
7.77,5.58,31.5,2
5.38,41.46,31.23,2
7.41,0.35,25.12,0
7.11,18.49,21.72,2
7.53,10.31,28.33,2
3.0,34.02,45.0,2
5.55,10.7,32.36,1
6.22,4.91,26.24,1
6.83,6.36,19.1,1
4.66,28.31,31.09,2
6.98,8.1,31.83,1
7.01,3.92,23.28,0
7.13,4.88,16.61,1
6.78,7.96,23.99,1
3.1,32.05,32.15,2
7.02,6.86,18.64,0
7.3,10.26,24.08,1
8.29,12.16,36.09,1
7.68,16.88,38.77,1
5.63,6.87,28.24,0
7.26,13.14,32.92,2
5.7,9.55,30.28,1
7.61,3.81,25.94,0
6.42,12.28,27.59,1
7.14,5.47,30.48,1
6.98,11.92,32.07,1
7.17,32.31,33.82,2
5.81,9.88,22.25,1
7.03,8.27,26.9,1
6.47,5.19,20.91,0
5.92,22.34,31.01,2
6.24,4.43,30.12,1
7.29,14.08,25.18,1
8.25,5.82,26.37,1
5.45,13.9,29.26,2
7.74,7.01,29.21,1
5.97,35.32,33.3,2
4.5,27.57,36.02,2
8.36,12.9,22.65,1
6.94,18.96,32.01,2
6.46,10.49,24.79,1
7.05,8.62,25.14,1
6.95,3.5,19.69,0
7.56,2.52,26.5,0
4.73,8.94,19.96,1
5.17,27.82,30.31,2
7.29,8.26,29.38,1
6.73,3.53,22.06,0
6.78,4.8,27.61,0
4.01,34.04,43.43,2
7.7,12.86,34.46,1
7.69,3.85,23.76,0
7.34,7.98,29.72,1
8.3,12.59,25.41,1
6.51,8.24,29.01,1
6.87,0.1,25.87,0
7.53,0.91,30.18,1
5.92,4.67,33.96,2
8.41,23.37,30.13,2
4.77,12.89,35.06,2
8.24,3.77,14.51,0
5.31,16.05,36.9,2
7.51,4.25,18.05,0
6.48,11.35,25.77,1
7.14,0.1,26.15,0
7.76,6.19,21.05,0
6.46,7.7,28.36,1
5.42,15.35,29.9,1
7.38,13.83,21.25,1
7.24,2.56,26.66,0
6.68,0.1,27.79,0
6.88,11.84,28.34,1
6.25,17.5,37.05,1
5.62,7.97,28.66,1
7.04,9.24,26.31,1
7.21,30.24,16.8,2
7.52,5.09,24.43,0
6.02,11.37,36.45,2
6.33,8.71,23.99,0
6.47,3.87,19.85,0
6.22,10.0,29.94,1
6.15,7.07,25.66,0
6.77,2.62,32.27,1
6.39,8.97,31.33,1
6.86,7.08,30.71,2
6.71,16.15,26.52,1
6.66,5.47,24.86,0
8.79,14.74,21.66,2
8.03,13.25,31.3,1
6.78,8.03,24.28,1
7.63,7.09,21.81,0
6.02,18.27,26.59,1
7.73,7.48,28.9,0
4.55,20.42,39.8,2
7.32,7.91,26.39,0
7.55,3.0,25.1,0
6.76,11.85,30.34,0
5.38,23.37,28.04,2
7.89,0.1,20.23,0
7.42,7.79,31.38,1
6.94,13.25,28.08,1
6.34,6.39,29.65,0
6.18,0.86,25.9,0
6.45,13.34,26.91,0
6.06,8.83,21.67,1
6.73,5.39,18.83,0
7.73,8.75,28.05,0
6.05,28.4,40.01,2
8.27,12.51,35.22,1
6.64,4.15,27.98,0
7.14,4.83,22.84,0
6.52,23.02,27.87,2
7.44,2.09,23.78,0
7.16,4.09,30.27,0
7.27,6.24,24.63,0
6.8,7.68,25.54,0
6.6,4.9,28.68,1
6.93,4.92,24.26,1
7.0,10.03,26.99,1
5.61,15.57,32.46,1
7.46,4.27,31.99,1
6.57,5.07,26.58,0
6.47,8.7,27.7,2
5.74,24.9,21.65,2
6.74,0.1,27.77,0
5.9,0.97,26.7,1
6.67,6.43,34.26,1
6.92,5.27,27.09,1
8.25,12.64,21.31,1
6.7,4.01,23.64,0
3.74,21.65,40.49,2
6.13,37.36,39.78,2
6.5,7.17,30.73,0
7.13,4.57,22.24,0
6.37,3.91,31.92,0
7.9,5.38,25.65,1
6.15,13.7,31.05,1
7.61,9.31,30.44,1
6.81,0.97,29.57,1
6.12,7.61,21.73,1
5.49,7.16,24.29,2
6.66,5.63,22.87,0
7.25,2.0,24.64,0
6.82,6.63,25.02,1
5.68,19.93,44.72,2
7.03,0.59,21.01,0
6.64,6.01,21.39,0
6.37,2.16,27.2,1
7.6,1.52,18.86,0
7.18,3.07,22.98,0
6.49,8.45,34.45,2
8.13,5.9,24.76,1
6.41,6.49,23.45,0
6.67,3.96,29.44,1
7.02,23.96,45.0,2
4.76,18.48,36.69,2
7.1,5.97,28.06,0
7.53,3.03,27.16,0
6.24,7.14,19.31,1
7.26,3.2,25.65,0
7.44,2.69,23.83,0
7.57,8.85,20.13,0
7.19,12.6,28.66,0
3.19,16.45,19.99,2
7.97,3.89,25.36,0
6.42,13.09,25.1,1
5.74,31.39,41.75,2
6.74,2.85,20.81,0
6.45,7.72,22.42,0
7.1,5.49,28.53,0
6.75,7.71,28.73,0
7.35,3.62,23.78,0
9.18,19.39,29.26,2
7.03,4.04,19.46,0
3.17,37.5,35.64,2
7.58,6.5,30.39,1
6.93,2.91,23.58,0
6.91,2.38,19.27,1
7.17,0.85,27.21,0
7.12,0.53,24.32,0
6.05,6.3,26.76,0
7.41,5.13,28.29,0
5.26,9.75,27.51,1
6.92,1.83,27.52,1
6.14,20.54,36.16,2
4.09,40.97,37.11,2
4.74,41.71,29.88,2
6.82,3.06,19.56,0
6.8,0.1,25.39,0
6.43,7.39,25.5,0
6.07,14.32,23.4,1
5.38,18.06,30.51,1
6.46,2.3,18.81,0
6.44,3.88,28.68,0
7.48,19.39,34.29,1
7.62,11.35,29.74,1
7.33,15.44,25.95,1
5.85,19.17,29.34,1
7.69,3.03,23.17,0
4.32,8.16,23.52,2
7.08,3.24,30.11,1
7.25,5.78,28.57,0
7.64,1.97,24.49,0
7.77,5.46,26.32,0
7.2,8.96,28.04,2
7.49,4.27,28.05,1
7.28,10.45,30.32,1
6.76,4.91,19.73,0
6.6,1.09,22.11,0
5.9,11.63,30.19,1
5.75,6.48,29.66,1
3.81,39.16,36.45,2
6.92,12.79,27.82,0
5.29,16.98,40.68,2
6.8,13.91,28.7,2
4.74,10.1,24.49,1
5.0,12.19,26.94,1
6.84,6.18,25.82,1
4.29,30.65,35.61,2
7.13,1.8,25.71,1
5.95,29.49,32.04,2
6.7,11.1,29.94,1
7.12,5.33,22.64,1
6.29,3.26,28.18,1
8.53,7.97,21.73,1
4.7,25.04,25.96,2
7.64,6.86,20.37,0
6.78,5.75,28.38,1
6.44,29.98,36.69,2
7.17,6.29,29.31,0
8.26,7.86,23.69,0
6.63,2.73,20.06,0
7.22,4.32,24.25,0
6.8,1.07,23.27,0
6.76,2.55,23.9,0
7.55,7.01,22.5,1
6.17,1.76,26.84,0
4.38,21.62,34.17,2
6.44,14.37,25.82,1
7.59,19.46,28.83,1
7.15,5.56,29.73,0
6.66,6.84,23.26,1
8.34,4.91,21.81,0
7.99,6.34,21.7,0
7.49,5.45,24.7,0
8.57,10.19,27.66,1
7.7,7.11,30.09,1
6.69,11.67,28.14,1
6.54,21.46,37.17,2
5.46,2.89,25.72,1
7.27,9.84,23.32,0
6.27,11.34,21.47,1
6.85,6.19,25.74,0
5.4,27.04,28.03,2
6.04,0.1,32.43,1
8.59,3.27,27.16,1
7.12,6.87,24.47,0
4.91,18.64,28.58,2
4.85,20.44,40.54,2
6.85,10.26,26.56,0
7.68,4.93,19.56,0
6.79,16.14,23.77,1
4.4,10.36,23.58,1
7.69,14.53,25.83,1
5.84,7.12,28.92,1
7.05,0.42,20.92,0
6.09,10.25,38.97,2
7.73,11.87,29.01,1
6.56,5.9,27.55,0
4.44,23.06,30.76,2
4.75,15.53,30.55,1
7.53,1.17,24.34,0
7.55,0.1,29.04,0
6.95,5.44,29.92,0
5.71,20.22,32.41,2
6.99,4.71,26.19,0
6.34,28.5,26.16,2
6.88,14.06,32.64,1
5.93,19.2,26.03,1
6.88,12.52,22.44,1
5.57,11.1,24.23,1
7.17,4.27,27.54,1
7.15,3.12,24.62,0
5.14,21.64,32.05,2
6.87,7.44,20.94,1
5.9,18.13,32.92,2
6.23,11.22,28.55,0
7.05,1.87,23.91,0
6.87,0.1,21.22,0
7.63,6.81,26.13,0
5.93,12.16,28.27,2
6.47,3.37,27.07,0
7.18,13.37,24.63,0
6.56,4.4,25.91,0
6.43,44.15,30.34,2
6.59,34.76,30.81,2
6.85,7.75,24.59,2
6.55,10.82,27.28,2
6.93,7.36,22.69,1
7.65,7.45,26.91,2
4.33,14.52,43.56,2
7.21,6.56,26.86,0
5.5,9.34,26.89,1
7.22,10.3,23.48,0
6.62,5.64,24.41,0
6.32,6.75,20.82,0
6.43,11.12,27.18,1
5.86,7.17,25.07,1
7.31,9.98,25.9,1
6.31,9.55,31.09,1
6.38,5.16,31.08,2
5.97,2.34,22.72,0
7.9,10.47,28.23,1
6.28,11.09,25.46,2
7.33,5.78,11.3,0
6.82,23.94,32.71,2
6.48,7.24,24.41,0
7.96,5.37,29.32,1
6.71,2.9,26.02,0
7.21,0.1,29.01,1
7.14,3.61,21.13,0
7.58,6.8,27.64,0
6.14,5.59,27.92,0
5.52,25.48,37.5,2
5.17,30.91,23.42,2
7.44,1.84,21.05,0
7.09,5.11,29.35,1
7.42,7.51,29.57,1
7.11,8.52,24.8,1
5.8,13.77,24.3,1
6.32,29.36,33.98,1
6.29,19.16,39.22,2
5.41,5.61,30.04,1
5.22,24.54,33.29,2
4.63,10.81,35.96,2
6.74,5.07,27.22,0
7.15,8.89,28.47,1
7.48,1.56,22.46,0
7.4,2.94,25.77,0
8.06,0.1,18.35,0
6.85,8.21,30.31,1
7.89,2.14,15.26,0
4.1,1.27,45.0,2
5.5,19.74,28.93,2
6.48,8.61,23.15,1
5.89,5.26,31.44,1
6.6,0.14,43.54,2
7.84,2.27,28.63,0
7.59,10.82,21.81,1
6.32,13.16,22.0,1
5.93,6.64,25.08,0
5.98,14.39,24.12,1
6.36,5.73,22.52,0
7.33,6.88,21.7,0
7.57,3.26,25.68,0
7.09,21.66,34.49,2
6.96,2.36,26.61,0
7.02,9.14,20.14,0
6.14,17.2,32.29,1
7.38,1.5,16.95,0
7.37,8.64,25.2,0
4.66,26.01,43.67,2
4.54,26.94,33.27,2
7.37,5.27,30.82,0
7.11,12.63,26.36,1
6.75,6.66,24.77,0
4.57,31.99,27.9,2
7.18,6.71,31.32,0
6.02,18.45,28.43,1
4.16,26.86,29.68,2
4.25,13.21,25.83,2
8.17,17.99,29.2,1
7.96,3.11,21.47,0
6.99,13.76,28.33,1
7.1,9.92,23.05,1
7.03,10.19,26.48,0
5.69,27.78,38.84,2
6.45,4.04,29.1,2
7.54,3.08,21.53,0
5.77,16.68,39.87,2
7.8,3.46,30.27,1
6.71,6.86,28.6,1
6.92,6.91,24.95,0
7.47,8.23,30.59,0
6.64,15.88,34.14,1
5.63,20.63,29.67,2
7.17,2.6,33.27,1
5.93,17.47,25.94,1
4.78,11.49,41.23,2
7.72,4.41,29.18,0
7.08,9.42,31.55,2
7.78,18.22,30.24,1
7.65,10.36,25.38,1
6.06,7.64,29.45,1
6.43,6.71,25.0,1
5.87,19.19,34.36,2
6.36,27.93,30.39,2
6.49,2.76,25.38,1
6.5,4.27,24.94,0
5.53,25.4,43.1,2
6.57,8.69,28.47,0
4.35,14.36,30.61,2
6.01,21.57,25.11,2
5.29,11.87,26.18,1
6.5,7.4,20.6,0
6.92,4.47,24.79,0
4.11,11.37,35.09,2
5.23,16.41,27.05,1
5.04,5.32,24.16,1
6.85,3.99,26.9,0
6.74,5.42,27.27,0
7.58,6.3,27.5,1
5.12,21.92,30.44,2
6.73,4.75,37.5,1
6.39,9.07,31.16,1
6.55,1.01,15.36,0
7.74,11.01,29.32,2
6.03,1.3,22.72,1
6.62,4.99,25.21,0
7.42,3.49,18.14,0
5.97,5.88,29.53,0
6.17,0.66,26.75,1
4.96,23.58,30.84,2
7.41,6.06,26.29,0
7.76,5.44,24.95,0
7.31,5.35,28.16,0
6.52,7.22,24.57,0
5.95,7.4,25.21,0
5.84,3.24,26.9,0
6.97,3.2,27.33,0
7.67,15.78,30.41,2
6.06,23.98,30.4,2
7.38,6.33,18.85,0
6.51,7.06,30.21,2
6.68,3.04,26.64,0
7.0,6.39,31.27,1
6.72,3.44,19.55,0
7.87,2.2,23.63,0
6.33,21.02,31.94,1
6.74,11.68,29.2,1
5.04,33.95,23.7,2
6.36,7.5,24.45,0
7.43,3.04,22.31,0
7.49,12.78,27.48,1
8.05,3.06,17.06,0
7.03,8.19,28.57,1
6.64,5.73,26.99,0
4.27,19.53,28.29,2
5.14,35.08,37.68,2
7.68,7.77,23.95,0
6.08,14.58,21.65,2
5.56,0.1,26.22,1
7.17,4.97,27.55,1
7.66,10.14,25.92,1
6.74,12.37,29.29,1
5.56,19.8,34.04,2
4.62,22.73,32.16,2
7.03,7.18,23.43,1
6.81,9.45,25.69,0
6.36,8.6,22.67,1
7.47,10.46,25.81,2
7.25,4.64,17.11,1
4.65,20.77,39.23,2
6.18,14.29,30.4,1
9.03,31.64,34.61,2
7.39,5.76,20.35,0
6.72,0.1,20.96,0
5.41,23.82,32.17,1
7.2,0.19,21.62,0
8.34,2.15,25.5,0
5.48,19.12,23.12,2
5.99,12.32,30.45,2
4.8,25.57,36.3,2
7.09,5.87,24.22,0
8.31,6.32,20.34,0
6.78,12.66,29.25,1
6.5,3.33,21.34,0
6.54,6.2,20.43,0
6.61,4.5,27.43,1
4.73,19.66,33.74,2
6.75,5.23,27.16,0
7.11,19.24,31.3,1
7.0,12.76,26.13,0
7.69,5.99,23.16,0
7.63,9.96,22.7,1
6.4,14.98,25.46,1
6.21,2.93,29.1,1
6.54,16.04,25.55,2
4.29,36.98,30.63,2
3.82,39.04,28.34,2
6.54,2.39,26.64,0
7.77,0.49,35.95,1
7.48,3.76,29.18,0
7.93,5.16,26.92,0
6.76,7.81,24.11,0
6.96,1.45,16.42,0
6.59,3.75,30.18,1
8.0,15.26,30.41,1
6.47,12.19,29.02,1
6.8,6.45,30.43,1
7.3,6.35,23.73,0
7.09,4.35,26.72,0
6.88,9.11,22.16,1
7.54,18.1,17.88,2
7.73,2.8,32.18,0
3.84,24.32,29.3,2
7.59,9.8,26.1,1
7.45,7.61,24.93,1
6.56,8.08,25.45,0
7.01,20.53,31.11,2
6.31,14.4,34.3,1
4.27,30.62,34.72,2
6.61,7.98,23.07,0
6.23,6.33,25.1,0
5.79,13.47,26.35,2
7.13,7.38,26.52,0
7.31,1.77,22.28,0
6.88,9.15,28.15,1
7.1,3.07,21.82,0
6.45,20.22,34.77,1
5.49,17.99,23.17,1
7.3,5.8,27.55,0
7.87,2.41,28.61,0
7.37,9.95,25.0,0
7.13,5.04,25.71,0
7.4,35.54,35.66,2
7.93,5.63,20.35,0
6.76,0.14,25.38,0
3.4,15.56,30.57,2
6.15,4.29,26.37,0
7.07,2.73,22.22,0
8.13,2.07,20.03,0
7.32,11.3,23.2,1
8.23,5.99,23.91,0
7.08,5.46,32.97,1
7.41,3.99,19.23,0
3.14,14.45,30.75,2
5.5,8.96,33.32,1
6.49,29.5,29.29,2
6.95,0.1,27.11,0
6.68,11.36,21.04,1
6.74,13.03,30.77,1
6.6,11.31,31.08,1
6.64,3.46,25.63,0
6.44,7.01,30.92,2
8.12,7.13,20.56,0
6.17,12.23,28.34,2
6.82,5.43,22.91,0
7.14,3.17,30.39,0
7.03,4.61,24.14,0
5.89,10.57,29.65,1
7.55,4.28,22.75,0
7.12,3.43,27.39,1
6.29,18.2,30.92,1
4.04,19.41,32.22,2
7.51,4.43,23.41,0
3.61,19.62,31.36,2
5.82,18.54,36.84,2
7.36,10.32,33.4,1
5.49,32.14,38.72,2
7.59,5.47,21.94,0
7.05,4.74,24.74,0
8.02,5.57,26.88,0
6.31,7.2,28.42,1
6.44,8.14,29.76,0
6.73,23.9,33.58,1
6.72,7.74,30.7,1
6.78,8.25,28.99,2
6.17,7.84,25.97,0
6.59,17.57,39.19,2
6.33,4.96,24.72,1
6.74,18.06,28.55,1
6.71,4.6,24.31,0
7.99,0.1,25.5,0
7.68,5.27,27.35,1
6.88,8.51,26.78,0
5.3,27.27,30.99,2
8.38,8.34,21.34,0
6.49,2.26,17.28,0
5.93,19.41,31.97,2
7.31,2.9,24.17,0
8.17,14.21,23.98,1
6.06,9.71,32.74,1
5.75,4.69,21.54,0
4.96,26.82,34.27,2
7.57,3.44,23.46,0
6.78,3.81,22.73,0
6.39,12.67,23.24,1
6.4,4.22,32.34,1
7.73,12.44,24.9,0
7.88,1.44,25.2,0
6.61,5.7,28.19,0
7.0,24.85,34.43,1
7.85,6.91,28.73,1
5.91,31.2,24.84,2
5.18,24.44,34.28,2
7.9,0.1,20.55,0
6.37,11.13,33.31,1
6.21,18.37,32.4,1
7.03,4.72,17.03,1
7.93,2.5,25.54,0
5.29,18.27,32.64,1
7.99,5.18,25.18,0
7.26,1.54,17.64,0
8.32,5.64,17.95,0
7.25,4.12,16.96,0
7.25,1.99,26.81,0
7.72,7.34,27.49,1
7.0,7.7,29.15,0
7.15,4.73,25.24,0
4.85,28.95,32.12,2
3.0,21.25,24.9,2
4.81,19.19,19.3,2
7.18,19.26,30.99,1
5.93,38.21,33.4,2
6.88,8.65,29.43,1
4.3,19.6,35.98,2
6.78,20.46,25.76,2
7.1,13.49,27.69,0
7.01,2.68,25.89,0
3.0,37.28,38.08,2
7.74,6.1,30.33,2
6.41,5.13,29.9,0
6.17,5.38,25.0,1
5.04,31.88,19.78,2
5.91,4.57,23.87,0
7.29,35.08,41.87,2
5.8,14.59,31.27,1
6.74,13.07,26.43,1
6.0,22.05,30.67,2
3.0,24.76,33.26,2
5.09,23.95,27.18,2
8.15,13.95,28.86,1
6.42,12.55,34.7,2
6.47,6.78,24.12,1
5.95,12.47,31.84,1
6.77,5.17,24.26,0
6.98,0.1,16.56,0
7.64,4.52,25.62,0
5.9,22.63,25.9,2
5.12,17.99,29.85,2
6.24,13.19,27.61,2
4.22,35.08,29.6,2
7.04,17.93,34.99,1
3.47,36.42,34.84,2
6.9,0.1,19.56,0
6.71,6.86,19.78,0
7.76,0.75,19.8,0
3.0,24.27,42.31,2
7.19,2.99,24.06,0
4.47,6.88,25.84,1
7.06,20.32,29.11,2
7.62,0.1,25.35,0
6.49,37.66,18.25,2
6.2,2.39,22.69,0
5.88,5.81,31.59,1
7.31,5.23,25.07,0
7.21,5.74,28.17,0
7.24,1.51,18.9,0
7.62,14.55,39.34,1
7.08,6.89,24.39,1
8.09,7.92,20.79,1
6.28,8.41,28.07,0
7.04,25.72,30.74,2
6.55,3.92,28.43,0
6.61,8.97,29.18,0
7.28,2.88,27.03,0
5.87,14.55,28.93,1
6.56,5.39,20.19,0
7.1,28.15,26.1,2
7.01,4.85,26.9,2
7.54,2.89,22.88,0
7.13,4.84,25.33,0
6.72,6.3,26.85,0
7.59,5.31,24.06,1
6.9,16.76,24.08,1
6.31,9.82,26.63,2
7.52,7.04,25.17,1
6.88,3.68,20.13,0
6.54,5.83,26.43,0
7.64,15.65,27.24,2
7.06,6.86,29.21,2
7.6,5.6,26.02,0
7.39,3.2,25.37,0
7.17,5.04,25.02,1
7.03,33.8,45.0,2
7.36,1.67,25.12,0
7.43,6.86,23.06,0
6.74,6.99,26.91,0
3.41,22.3,24.88,2
7.12,14.47,35.0,1
7.59,6.82,32.29,2
6.36,10.47,26.89,1
7.03,10.12,26.83,1
6.21,8.14,24.9,0
8.02,5.35,27.02,0
7.26,6.93,25.24,1
6.67,4.29,27.86,1
6.92,19.6,25.27,1
6.3,28.87,23.84,2
7.48,7.35,21.8,0
7.39,7.79,28.84,1
4.82,36.79,26.94,2
6.41,6.21,23.63,1
6.02,21.06,33.33,2
7.3,13.94,28.75,1
7.64,14.65,31.11,2
7.19,3.67,32.99,0
7.73,2.59,26.29,0
7.48,12.73,34.89,1
7.15,0.1,22.36,0
8.0,19.31,27.9,1
7.14,9.57,29.9,1
7.46,7.63,28.09,0
7.64,2.88,19.55,0
6.09,28.55,34.58,2
6.15,15.94,31.17,2
7.59,25.33,24.7,1
7.15,0.1,29.25,0
7.36,17.7,34.48,1
7.38,6.84,22.32,0
7.38,2.11,20.79,0
7.53,8.12,21.37,1
8.07,8.74,29.63,1
4.24,29.7,37.14,2
7.48,5.06,25.31,0
6.64,13.7,33.66,1
5.98,15.78,29.73,1
5.35,10.55,29.19,2
7.74,8.57,19.1,0
7.53,15.11,24.11,1
7.86,4.39,22.97,0
5.95,0.46,23.23,0
7.38,2.25,20.14,0
6.32,4.07,27.72,0
7.41,7.09,29.28,1
6.33,5.77,27.35,0
6.8,6.6,39.35,1
4.6,27.18,27.11,2
7.86,3.4,24.01,0
7.67,10.76,31.01,1
6.75,1.17,21.02,0
3.32,22.83,32.54,2
7.53,6.17,26.61,1
6.39,11.38,34.78,1
7.08,10.25,24.98,0
4.37,16.43,35.12,2
5.88,9.62,37.35,2
4.22,5.97,32.29,2
5.41,31.56,28.73,2
6.1,11.78,32.84,2
6.84,8.64,29.27,1
6.23,11.08,36.05,2
6.8,3.52,23.44,0
7.21,1.73,19.33,0
6.62,34.46,31.0,2
7.09,5.41,27.79,1
7.69,5.76,25.43,1
7.34,14.28,28.51,1
6.29,6.86,25.66,1
7.8,14.13,31.54,1
6.05,20.19,25.73,2
8.07,15.48,35.09,2
7.43,14.18,24.61,1
5.34,25.48,37.85,2
6.57,13.5,27.04,1
7.82,3.52,19.38,0
7.34,37.97,30.12,2
5.85,19.49,28.28,1
7.31,0.1,26.19,0
8.04,1.31,24.17,0
6.23,15.2,21.54,1
5.47,11.93,34.76,2
8.26,0.1,26.25,0
7.02,7.33,29.82,1
6.91,2.83,31.1,0
5.87,36.0,36.12,2
3.27,16.65,35.45,2
7.41,5.7,20.67,0
6.72,9.38,30.4,1
4.39,20.01,37.18,2
7.23,3.99,22.21,0
6.91,8.4,29.3,1
7.33,9.81,27.66,2
6.85,7.25,32.78,0
5.98,22.38,32.84,2
7.65,4.4,25.11,0
7.16,9.32,20.79,1
4.33,32.3,33.76,2
6.02,22.91,30.18,2
7.03,12.75,28.88,1
6.69,8.12,29.91,0
6.48,13.46,25.63,1
7.65,22.82,38.46,2
5.78,4.36,27.78,0
6.92,7.21,34.65,1
5.24,28.82,32.45,2
7.66,1.49,20.24,0
4.97,18.84,27.73,2
6.91,6.64,26.2,0
7.01,0.19,26.88,0
6.21,11.09,25.01,1
7.21,1.63,25.77,0
7.43,4.52,31.1,2
6.36,8.35,25.52,0
6.08,19.57,31.52,2
7.39,15.4,31.59,2
7.91,5.25,24.7,0
6.6,15.71,24.26,1
7.59,8.91,28.39,0
6.12,27.81,33.65,2
7.38,10.28,31.2,1
6.9,5.46,26.65,0
4.3,12.51,23.9,1
7.03,20.86,32.06,1
5.05,33.65,37.45,2
7.11,5.37,26.19,0
7.23,2.19,16.84,0
6.08,16.73,32.7,1
7.41,0.52,26.19,0
6.03,12.25,32.5,1
5.0,20.92,40.4,2
7.08,12.24,29.13,1
7.68,12.51,28.16,1
5.68,7.35,33.38,1
7.34,13.85,22.39,1
7.29,2.59,20.09,0
7.66,12.43,23.95,1
5.41,20.97,24.59,2
6.78,4.64,30.52,0
7.36,7.72,29.05,1
4.28,26.84,30.37,2
6.86,3.92,24.03,0
4.0,34.72,40.23,2
6.44,5.21,28.84,1
6.89,10.67,30.14,0
5.88,13.69,34.88,1
7.55,8.84,27.16,1
6.02,13.03,33.53,2
7.22,1.88,27.95,1
7.54,13.47,27.18,1
6.42,13.58,26.89,1
5.3,14.7,31.74,2
6.48,15.77,26.22,1
7.72,10.5,33.35,1
7.92,4.35,26.65,1
7.34,7.63,30.67,1
7.11,10.04,25.16,0
7.52,16.41,26.76,1
7.08,3.92,20.71,0
7.37,22.95,36.07,2
7.48,3.8,26.28,0
8.21,7.0,21.68,0
6.82,0.1,26.03,0
7.72,6.94,26.15,0
6.38,10.82,33.43,1
7.04,5.98,33.59,1
7.28,3.93,23.81,0
6.43,13.43,32.76,1
5.47,14.71,32.65,2
6.89,6.53,29.05,0
4.44,17.54,28.66,2
7.05,12.94,29.77,1
8.02,0.95,27.5,0
7.4,13.28,28.34,1
6.4,4.4,26.31,0
6.37,3.21,22.31,0
4.92,20.04,34.88,2
4.65,17.47,34.58,2
7.38,22.8,36.73,2
6.81,18.22,33.39,2
7.67,9.74,26.31,0
9.39,15.96,32.36,1
6.1,20.78,37.01,2
6.75,3.88,29.53,0
6.62,25.33,39.94,2
7.59,12.67,36.61,2
7.53,8.47,33.95,1
7.86,5.3,25.33,0
6.04,5.2,25.81,0
6.32,9.48,33.92,1
6.75,4.22,28.21,0
7.05,22.45,23.98,2
6.44,14.02,32.09,1
6.88,3.6,23.67,0
7.12,5.47,27.21,0
5.81,23.61,30.85,2
6.62,4.55,25.46,0
7.18,16.28,28.4,1
6.4,7.73,24.04,1
8.39,46.86,35.93,2
7.97,0.1,21.85,0
7.5,11.45,25.78,0
7.21,35.64,25.68,2
5.9,12.04,27.47,1
5.07,29.04,34.29,2
6.41,0.1,23.29,0
6.57,21.04,32.43,1
7.4,5.18,27.23,0
6.54,19.01,34.2,2
6.58,10.36,25.12,1
4.96,25.87,27.06,2
7.77,13.79,22.26,1
6.45,10.97,20.99,1
7.25,3.63,21.68,0
6.89,5.96,29.26,0
7.34,1.29,25.09,0
6.94,5.03,17.35,0
6.23,18.15,22.64,1
6.83,0.1,25.58,0
7.02,10.77,40.56,2
6.84,42.18,45.0,2
6.44,4.68,23.71,1
5.73,14.24,25.25,1
6.99,5.44,30.73,1
6.82,2.27,26.31,0
7.72,4.7,29.86,1
7.3,5.13,12.47,0
4.64,40.21,31.01,2
6.27,27.69,33.46,2
7.65,0.92,22.91,0
6.79,10.67,25.66,1
5.85,12.75,21.52,1
6.06,8.31,23.95,1
7.38,4.04,25.69,0
7.28,4.1,28.77,1
7.16,31.52,34.53,2
7.23,3.87,28.93,0
6.95,2.34,23.95,0
6.85,5.73,19.66,1
4.92,27.49,34.56,2
6.45,18.46,21.71,1
6.82,4.5,23.2,0
8.72,27.48,37.28,2
6.77,2.29,24.56,0
5.91,5.84,21.59,0
7.86,3.01,24.32,0
6.59,0.9,26.41,0
6.74,38.2,32.85,2
7.15,8.1,26.97,1
6.41,4.21,25.67,0
7.86,14.05,30.91,1
6.56,25.34,36.54,2
7.88,13.37,32.43,1
5.27,11.66,30.63,2
7.2,6.29,27.73,1
6.6,5.59,29.23,0
7.17,3.5,28.04,0
8.06,3.37,27.07,1
4.55,28.92,38.39,2
8.65,6.89,35.35,1
7.68,16.04,31.3,1
7.98,3.15,18.54,0
5.8,17.86,29.27,1
5.65,24.96,25.25,1
7.23,0.79,24.79,0
4.59,19.54,36.35,2
5.73,24.56,36.38,2
6.81,13.23,25.21,1
6.47,1.71,22.55,0
4.77,24.51,30.31,2
7.79,1.02,25.1,0
5.36,4.1,30.04,0
7.81,4.23,26.62,1
6.48,2.06,25.56,0
6.77,2.74,25.61,0
7.09,11.57,28.5,1
7.56,2.68,24.79,0
6.56,8.74,28.71,1
7.43,2.88,30.06,0
5.53,17.09,30.92,2
7.96,2.88,18.76,0
6.6,17.5,34.12,1
6.01,7.95,28.29,2
8.58,6.78,28.6,1
7.11,2.72,24.06,0
6.91,10.6,23.86,1
6.73,13.79,28.55,1
7.24,2.54,19.93,0
7.74,1.72,19.46,0
6.56,13.01,30.02,1
7.51,3.48,22.45,0
7.06,3.56,21.71,0
6.47,3.67,26.36,1
7.06,6.54,27.45,0
6.83,1.95,26.73,0
7.59,4.84,24.51,0
7.04,1.52,24.87,0
7.54,8.19,22.31,0
6.79,6.63,25.29,1
7.27,1.05,18.29,0
6.89,0.1,22.71,0
6.46,27.57,36.87,2
7.38,4.48,22.29,0
6.51,32.51,36.65,2
